Test_Case_ID,Feature_ID,Feature_Name,Test_Type,Status,Execution_Time,Actual_Error,SQL_Query
TC001,F001,CREATE DATABASE,Positive,PASS,0.058476699981838465,,CREATE DATABASE ai_testing_scratch_001;
TC002,F001,CREATE DATABASE,Positive,PASS,0.03399639995768666,,CREATE DATABASE ai_testing_scratch_002;
TC003,F001,CREATE DATABASE,Positive,PASS,0.03377399989403784,,CREATE DATABASE ai_testing_scratch_003;
TC004,F001,CREATE DATABASE,Positive,PASS,0.031514199916273355,,CREATE DATABASE ai_testing_scratch_004;
TC005,F001,CREATE DATABASE,Positive,PASS,0.03652630001306534,,CREATE DATABASE ai_testing_scratch_005;
TC006,F001,CREATE DATABASE,Negative,PASS,0.013028600020334125,1007 (HY000): Can't create database 'ai_testing_scratch_006'; database exists,CREATE DATABASE ai_testing_scratch_006;
TC007,F001,CREATE DATABASE,Negative,PASS,0.010526199825108051,1007 (HY000): Can't create database 'ai_testing_scratch_007'; database exists,CREATE DATABASE ai_testing_scratch_007;
TC008,F001,CREATE DATABASE,Negative,PASS,0.00865000020712614,1007 (HY000): Can't create database 'ai_testing_scratch_008'; database exists,CREATE DATABASE ai_testing_scratch_008;
TC009,F001,CREATE DATABASE,Negative,PASS,0.013723700074478984,1007 (HY000): Can't create database 'ai_testing_scratch_009'; database exists,CREATE DATABASE ai_testing_scratch_009;
TC010,F001,CREATE DATABASE,Negative,PASS,0.007874100003391504,1007 (HY000): Can't create database 'ai_testing_scratch_010'; database exists,CREATE DATABASE ai_testing_scratch_010;
TC011,F001,CREATE DATABASE,Edge,PASS,0.014202000107616186,,CREATE DATABASE IF NOT EXISTS ai_testing_scratch_011;
TC012,F001,CREATE DATABASE,Edge,PASS,0.014859099872410297,,CREATE DATABASE IF NOT EXISTS ai_testing_scratch_012;
TC013,F001,CREATE DATABASE,Edge,PASS,0.01234619994647801,,CREATE DATABASE IF NOT EXISTS ai_testing_scratch_013;
TC014,F001,CREATE DATABASE,Edge,PASS,0.011626399820670485,,CREATE DATABASE IF NOT EXISTS ai_testing_scratch_014;
TC015,F001,CREATE DATABASE,Edge,PASS,0.013966900063678622,,CREATE DATABASE IF NOT EXISTS ai_testing_scratch_015;
TC016,F002,DROP DATABASE,Positive,PASS,0.03359600016847253,,DROP DATABASE ai_testing_scratch_drop_001;
TC017,F002,DROP DATABASE,Positive,PASS,0.03133610007353127,,DROP DATABASE ai_testing_scratch_drop_002;
TC018,F002,DROP DATABASE,Positive,PASS,0.033465699991211295,,DROP DATABASE ai_testing_scratch_drop_003;
TC019,F002,DROP DATABASE,Positive,PASS,0.03672560001723468,,DROP DATABASE ai_testing_scratch_drop_004;
TC020,F002,DROP DATABASE,Positive,PASS,0.03740160004235804,,DROP DATABASE ai_testing_scratch_drop_005;
TC021,F002,DROP DATABASE,Negative,PASS,0.003925299970433116,1008 (HY000): Can't drop database 'ai_testing_scratch_drop_006'; database doesn't exist,DROP DATABASE ai_testing_scratch_drop_006;
TC022,F002,DROP DATABASE,Negative,PASS,0.0032170999329537153,1008 (HY000): Can't drop database 'ai_testing_scratch_drop_007'; database doesn't exist,DROP DATABASE ai_testing_scratch_drop_007;
TC023,F002,DROP DATABASE,Negative,PASS,0.0029947999864816666,1008 (HY000): Can't drop database 'ai_testing_scratch_drop_008'; database doesn't exist,DROP DATABASE ai_testing_scratch_drop_008;
TC024,F002,DROP DATABASE,Negative,PASS,0.002962299855425954,1008 (HY000): Can't drop database 'ai_testing_scratch_drop_009'; database doesn't exist,DROP DATABASE ai_testing_scratch_drop_009;
TC025,F002,DROP DATABASE,Negative,PASS,0.00403109984472394,1008 (HY000): Can't drop database 'ai_testing_scratch_drop_010'; database doesn't exist,DROP DATABASE ai_testing_scratch_drop_010;
TC026,F002,DROP DATABASE,Edge,PASS,0.0343214999884367,,DROP DATABASE ai_testing_scratch_drop_011;
TC027,F002,DROP DATABASE,Edge,PASS,0.036200900096446276,,DROP DATABASE ai_testing_scratch_drop_012;
TC028,F002,DROP DATABASE,Edge,PASS,0.05240889987908304,,DROP DATABASE ai_testing_scratch_drop_013;
TC029,F002,DROP DATABASE,Edge,PASS,0.08675560005940497,,DROP DATABASE ai_testing_scratch_drop_014;
TC030,F002,DROP DATABASE,Edge,PASS,0.03627320006489754,,DROP DATABASE ai_testing_scratch_drop_015;
TC031,F003,USE DATABASE,Positive,PASS,0.0030348000582307577,,USE `ai_testing_test`;
TC032,F003,USE DATABASE,Positive,PASS,0.0028135001193732023,,USE ai_testing_test;
TC033,F003,USE DATABASE,Positive,PASS,0.0023849999997764826,,USE ai_testing_test;
TC034,F003,USE DATABASE,Positive,PASS,0.002271600067615509,,USE `ai_testing_test`;
TC035,F003,USE DATABASE,Positive,PASS,0.0026038000360131264,,USE ai_testing_test;
TC036,F003,USE DATABASE,Negative,PASS,0.0033146999776363373,1049 (42000): Unknown database 'database_that_does_not_exist_6',USE database_that_does_not_exist_6;
TC037,F003,USE DATABASE,Negative,PASS,0.0018869999330490828,1049 (42000): Unknown database 'database_that_does_not_exist_7',USE database_that_does_not_exist_7;
TC038,F003,USE DATABASE,Negative,PASS,0.002148800063878298,1049 (42000): Unknown database 'database_that_does_not_exist_8',USE database_that_does_not_exist_8;
TC039,F003,USE DATABASE,Negative,PASS,0.001930000027641654,1049 (42000): Unknown database 'database_that_does_not_exist_9',USE database_that_does_not_exist_9;
TC040,F003,USE DATABASE,Negative,PASS,0.0018211000133305788,1049 (42000): Unknown database 'database_that_does_not_exist_10',USE database_that_does_not_exist_10;
TC041,F003,USE DATABASE,Edge,PASS,0.0015193000435829163,,USE ai_testing_test;
TC042,F003,USE DATABASE,Edge,PASS,0.00321759982034564,,USE ai_testing_test;
TC043,F003,USE DATABASE,Edge,PASS,0.0026545999571681023,,USE `ai_testing_test`;
TC044,F003,USE DATABASE,Edge,PASS,0.0021814999636262655,,USE ai_testing_test;
TC045,F003,USE DATABASE,Edge,PASS,0.001782699953764677,,USE ai_testing_test;
TC046,F004,SHOW DATABASES,Positive,PASS,0.007382800104096532,,SHOW DATABASES;
TC047,F004,SHOW DATABASES,Positive,PASS,0.004638599930331111,,SHOW DATABASES LIKE 'ai_testing%';
TC048,F004,SHOW DATABASES,Positive,PASS,0.002832300029695034,,SHOW DATABASES;
TC049,F004,SHOW DATABASES,Positive,PASS,0.0038723000325262547,,SHOW DATABASES LIKE 'ai_testing%';
TC050,F004,SHOW DATABASES,Positive,PASS,0.0035284999758005142,,SHOW DATABASES;
TC051,F004,SHOW DATABASES,Negative,PASS,0.002006000140681863,1064 (42000): You have an error in your SQL syntax; check the manual that corresponds to your MySQL server version for the right syntax to use near 'INVALID_CLAUSE' at line 1,SHOW DATABASES INVALID_CLAUSE;
TC052,F004,SHOW DATABASES,Negative,PASS,0.0022160999942570925,1064 (42000): You have an error in your SQL syntax; check the manual that corresponds to your MySQL server version for the right syntax to use near 'INVALID_CLAUSE' at line 1,SHOW DATABASES INVALID_CLAUSE;
TC053,F004,SHOW DATABASES,Negative,PASS,0.0021550001110881567,1064 (42000): You have an error in your SQL syntax; check the manual that corresponds to your MySQL server version for the right syntax to use near 'INVALID_CLAUSE' at line 1,SHOW DATABASES INVALID_CLAUSE;
TC054,F004,SHOW DATABASES,Negative,PASS,0.0016230999026447535,1064 (42000): You have an error in your SQL syntax; check the manual that corresponds to your MySQL server version for the right syntax to use near 'INVALID_CLAUSE' at line 1,SHOW DATABASES INVALID_CLAUSE;
TC055,F004,SHOW DATABASES,Negative,PASS,0.0015564998611807823,1064 (42000): You have an error in your SQL syntax; check the manual that corresponds to your MySQL server version for the right syntax to use near 'INVALID_CLAUSE' at line 1,SHOW DATABASES INVALID_CLAUSE;
TC056,F004,SHOW DATABASES,Edge,PASS,0.0029114000499248505,,SHOW DATABASES;
TC057,F004,SHOW DATABASES,Edge,PASS,0.0032643999438732862,,SHOW DATABASES LIKE 'ai_testing%';
TC058,F004,SHOW DATABASES,Edge,PASS,0.004444200079888105,,SHOW DATABASES;
TC059,F004,SHOW DATABASES,Edge,PASS,0.003782799933105707,,SHOW DATABASES LIKE 'ai_testing%';
TC060,F004,SHOW DATABASES,Edge,PASS,0.0032236999832093716,,SHOW DATABASES;
TC061,F005,CREATE TABLE,Positive,PASS,0.06454400019720197,,"CREATE TABLE t_f005_1 (id INT PRIMARY KEY, name VARCHAR(20));"
TC062,F005,CREATE TABLE,Positive,PASS,0.06399419996887445,,"CREATE TABLE t_f005_2 (id INT PRIMARY KEY, name VARCHAR(21));"
TC063,F005,CREATE TABLE,Positive,PASS,0.07412760006263852,,"CREATE TABLE t_f005_3 (id INT PRIMARY KEY, name VARCHAR(22));"
TC064,F005,CREATE TABLE,Positive,PASS,0.0702696000225842,,"CREATE TABLE t_f005_4 (id INT PRIMARY KEY, name VARCHAR(23));"
TC065,F005,CREATE TABLE,Positive,PASS,0.0862641001585871,,"CREATE TABLE t_f005_5 (id INT PRIMARY KEY, name VARCHAR(24));"
TC066,F005,CREATE TABLE,Negative,PASS,0.07155869994312525,1050 (42S01): Table 't_f005_6' already exists,CREATE TABLE t_f005_6 (id INT PRIMARY KEY);
TC067,F005,CREATE TABLE,Negative,PASS,0.06636429997161031,1050 (42S01): Table 't_f005_7' already exists,CREATE TABLE t_f005_7 (id INT PRIMARY KEY);
TC068,F005,CREATE TABLE,Negative,PASS,0.07909190002828836,1050 (42S01): Table 't_f005_8' already exists,CREATE TABLE t_f005_8 (id INT PRIMARY KEY);
TC069,F005,CREATE TABLE,Negative,PASS,0.0839622002094984,1050 (42S01): Table 't_f005_9' already exists,CREATE TABLE t_f005_9 (id INT PRIMARY KEY);
TC070,F005,CREATE TABLE,Negative,PASS,0.09110109996981919,1050 (42S01): Table 't_f005_10' already exists,CREATE TABLE t_f005_10 (id INT PRIMARY KEY);
TC071,F005,CREATE TABLE,Edge,PASS,0.10850630002096295,,"CREATE TABLE t_f005_11 (id INT PRIMARY KEY, name VARCHAR(30));"
TC072,F005,CREATE TABLE,Edge,PASS,0.07537290011532605,,"CREATE TABLE t_f005_12 (id INT PRIMARY KEY, name VARCHAR(31));"
TC073,F005,CREATE TABLE,Edge,PASS,0.06816169992089272,,"CREATE TABLE t_f005_13 (id INT PRIMARY KEY, name VARCHAR(32));"
TC074,F005,CREATE TABLE,Edge,PASS,0.06971860001794994,,"CREATE TABLE t_f005_14 (id INT PRIMARY KEY, name VARCHAR(33));"
TC075,F005,CREATE TABLE,Edge,PASS,0.06673939991742373,,"CREATE TABLE t_f005_15 (id INT PRIMARY KEY, name VARCHAR(34));"
TC076,F006,ALTER TABLE – ADD COLUMN,Positive,PASS,0.20361630013212562,,ALTER TABLE t_f006_1 ADD COLUMN c1 VARCHAR(30);
TC077,F006,ALTER TABLE – ADD COLUMN,Positive,PASS,0.1875715001951903,,ALTER TABLE t_f006_2 ADD COLUMN c2 VARCHAR(30);
TC078,F006,ALTER TABLE – ADD COLUMN,Positive,PASS,0.2074299999512732,,ALTER TABLE t_f006_3 ADD COLUMN c3 VARCHAR(30);
TC079,F006,ALTER TABLE – ADD COLUMN,Positive,PASS,0.293955700006336,,ALTER TABLE t_f006_4 ADD COLUMN c4 VARCHAR(30);
TC080,F006,ALTER TABLE – ADD COLUMN,Positive,PASS,0.19209780008532107,,ALTER TABLE t_f006_5 ADD COLUMN c5 VARCHAR(30);
TC081,F006,ALTER TABLE – ADD COLUMN,Negative,PASS,0.07186949998140335,1060 (42S21): Duplicate column name 'id',ALTER TABLE t_f006_6 ADD COLUMN id INT;
TC082,F006,ALTER TABLE – ADD COLUMN,Negative,PASS,0.07055669999681413,1060 (42S21): Duplicate column name 'id',ALTER TABLE t_f006_7 ADD COLUMN id INT;
TC083,F006,ALTER TABLE – ADD COLUMN,Negative,PASS,0.06232610018923879,1060 (42S21): Duplicate column name 'id',ALTER TABLE t_f006_8 ADD COLUMN id INT;
TC084,F006,ALTER TABLE – ADD COLUMN,Negative,PASS,0.0732795000076294,1060 (42S21): Duplicate column name 'id',ALTER TABLE t_f006_9 ADD COLUMN id INT;
TC085,F006,ALTER TABLE – ADD COLUMN,Negative,PASS,0.07920509995892644,1060 (42S21): Duplicate column name 'id',ALTER TABLE t_f006_10 ADD COLUMN id INT;
TC086,F006,ALTER TABLE – ADD COLUMN,Edge,PASS,0.18819730007089674,,ALTER TABLE t_f006_11 ADD COLUMN c11 VARCHAR(30);
TC087,F006,ALTER TABLE – ADD COLUMN,Edge,PASS,0.23523010010831058,,ALTER TABLE t_f006_12 ADD COLUMN c12 VARCHAR(30);
TC088,F006,ALTER TABLE – ADD COLUMN,Edge,PASS,0.19124610000289977,,ALTER TABLE t_f006_13 ADD COLUMN c13 VARCHAR(30);
TC089,F006,ALTER TABLE – ADD COLUMN,Edge,PASS,0.1933279000222683,,ALTER TABLE t_f006_14 ADD COLUMN c14 VARCHAR(30);
TC090,F006,ALTER TABLE – ADD COLUMN,Edge,PASS,0.19196130009368062,,ALTER TABLE t_f006_15 ADD COLUMN c15 VARCHAR(30);
TC091,F007,ALTER TABLE – MODIFY COLUMN,Positive,PASS,0.09936430002562702,,ALTER TABLE t_f007_1 MODIFY COLUMN c VARCHAR(30) NULL;
TC092,F007,ALTER TABLE – MODIFY COLUMN,Positive,PASS,0.11437450000084937,,ALTER TABLE t_f007_2 MODIFY COLUMN c VARCHAR(31) NULL;
TC093,F007,ALTER TABLE – MODIFY COLUMN,Positive,PASS,0.16307189990766346,,ALTER TABLE t_f007_3 MODIFY COLUMN c VARCHAR(32) NULL;
TC094,F007,ALTER TABLE – MODIFY COLUMN,Positive,PASS,0.11610519979149103,,ALTER TABLE t_f007_4 MODIFY COLUMN c VARCHAR(33) NULL;
TC095,F007,ALTER TABLE – MODIFY COLUMN,Positive,PASS,0.10538669978268445,,ALTER TABLE t_f007_5 MODIFY COLUMN c VARCHAR(34) NULL;
TC096,F007,ALTER TABLE – MODIFY COLUMN,Negative,PASS,0.07351509993895888,1054 (42S22): Unknown column 'missing_col' in 't_f007_6',ALTER TABLE t_f007_6 MODIFY COLUMN missing_col INT;
TC097,F007,ALTER TABLE – MODIFY COLUMN,Negative,PASS,0.07505679992027581,1054 (42S22): Unknown column 'missing_col' in 't_f007_7',ALTER TABLE t_f007_7 MODIFY COLUMN missing_col INT;
TC098,F007,ALTER TABLE – MODIFY COLUMN,Negative,PASS,0.05773180001415312,1054 (42S22): Unknown column 'missing_col' in 't_f007_8',ALTER TABLE t_f007_8 MODIFY COLUMN missing_col INT;
TC099,F007,ALTER TABLE – MODIFY COLUMN,Negative,PASS,0.06853120005689561,1054 (42S22): Unknown column 'missing_col' in 't_f007_9',ALTER TABLE t_f007_9 MODIFY COLUMN missing_col INT;
TC100,F007,ALTER TABLE – MODIFY COLUMN,Negative,PASS,0.08205710002221167,1054 (42S22): Unknown column 'missing_col' in 't_f007_10',ALTER TABLE t_f007_10 MODIFY COLUMN missing_col INT;
TC101,F007,ALTER TABLE – MODIFY COLUMN,Edge,PASS,0.1006630000192672,,ALTER TABLE t_f007_11 MODIFY COLUMN c VARCHAR(40) NULL;
TC102,F007,ALTER TABLE – MODIFY COLUMN,Edge,PASS,0.10083739995025098,,ALTER TABLE t_f007_12 MODIFY COLUMN c VARCHAR(41) NULL;
TC103,F007,ALTER TABLE – MODIFY COLUMN,Edge,PASS,0.1665932999458164,,ALTER TABLE t_f007_13 MODIFY COLUMN c VARCHAR(42) NULL;
TC104,F007,ALTER TABLE – MODIFY COLUMN,Edge,PASS,0.160029900027439,,ALTER TABLE t_f007_14 MODIFY COLUMN c VARCHAR(43) NULL;
TC105,F007,ALTER TABLE – MODIFY COLUMN,Edge,PASS,0.0961163998581469,,ALTER TABLE t_f007_15 MODIFY COLUMN c VARCHAR(44) NULL;
TC106,F008,ALTER TABLE – CHANGE/RENAME COLUMN,Positive,PASS,0.09165640012361109,,ALTER TABLE t_f008_1 CHANGE COLUMN c c1 VARCHAR(30);
TC107,F008,ALTER TABLE – CHANGE/RENAME COLUMN,Positive,PASS,0.08387149986810982,,ALTER TABLE t_f008_2 CHANGE COLUMN c c2 VARCHAR(30);
TC108,F008,ALTER TABLE – CHANGE/RENAME COLUMN,Positive,PASS,0.08475430007092655,,ALTER TABLE t_f008_3 CHANGE COLUMN c c3 VARCHAR(30);
TC109,F008,ALTER TABLE – CHANGE/RENAME COLUMN,Positive,PASS,0.08359019993804395,,ALTER TABLE t_f008_4 CHANGE COLUMN c c4 VARCHAR(30);
TC110,F008,ALTER TABLE – CHANGE/RENAME COLUMN,Positive,PASS,0.08743979991413653,,ALTER TABLE t_f008_5 CHANGE COLUMN c c5 VARCHAR(30);
TC111,F008,ALTER TABLE – CHANGE/RENAME COLUMN,Negative,PASS,0.06855960004031658,1054 (42S22): Unknown column 'missing_col' in 't_f008_6',ALTER TABLE t_f008_6 CHANGE COLUMN missing_col c2 INT;
TC112,F008,ALTER TABLE – CHANGE/RENAME COLUMN,Negative,PASS,0.06177949998527765,1054 (42S22): Unknown column 'missing_col' in 't_f008_7',ALTER TABLE t_f008_7 CHANGE COLUMN missing_col c2 INT;
TC113,F008,ALTER TABLE – CHANGE/RENAME COLUMN,Negative,PASS,0.08814739994704723,1054 (42S22): Unknown column 'missing_col' in 't_f008_8',ALTER TABLE t_f008_8 CHANGE COLUMN missing_col c2 INT;
TC114,F008,ALTER TABLE – CHANGE/RENAME COLUMN,Negative,PASS,0.16685879998840392,1054 (42S22): Unknown column 'missing_col' in 't_f008_9',ALTER TABLE t_f008_9 CHANGE COLUMN missing_col c2 INT;
TC115,F008,ALTER TABLE – CHANGE/RENAME COLUMN,Negative,PASS,0.06531680002808571,1054 (42S22): Unknown column 'missing_col' in 't_f008_10',ALTER TABLE t_f008_10 CHANGE COLUMN missing_col c2 INT;
TC116,F008,ALTER TABLE – CHANGE/RENAME COLUMN,Edge,PASS,0.09500199998728931,,ALTER TABLE t_f008_11 CHANGE COLUMN c c11 VARCHAR(30);
TC117,F008,ALTER TABLE – CHANGE/RENAME COLUMN,Edge,PASS,0.09288119990378618,,ALTER TABLE t_f008_12 CHANGE COLUMN c c12 VARCHAR(30);
TC118,F008,ALTER TABLE – CHANGE/RENAME COLUMN,Edge,PASS,0.09814890008419752,,ALTER TABLE t_f008_13 CHANGE COLUMN c c13 VARCHAR(30);
TC119,F008,ALTER TABLE – CHANGE/RENAME COLUMN,Edge,PASS,0.08641889994032681,,ALTER TABLE t_f008_14 CHANGE COLUMN c c14 VARCHAR(30);
TC120,F008,ALTER TABLE – CHANGE/RENAME COLUMN,Edge,PASS,0.10992379998788238,,ALTER TABLE t_f008_15 CHANGE COLUMN c c15 VARCHAR(30);
TC121,F009,RENAME TABLE,Positive,PASS,0.1149673000909388,,RENAME TABLE t_f009_1 TO t_f009_1_new;
TC122,F009,RENAME TABLE,Positive,PASS,0.11976530007086694,,RENAME TABLE t_f009_2 TO t_f009_2_new;
TC123,F009,RENAME TABLE,Positive,PASS,0.26333620003424585,,RENAME TABLE t_f009_3 TO t_f009_3_new;
TC124,F009,RENAME TABLE,Positive,PASS,0.13757510017603636,,RENAME TABLE t_f009_4 TO t_f009_4_new;
TC125,F009,RENAME TABLE,Positive,PASS,0.1079539000056684,,RENAME TABLE t_f009_5 TO t_f009_5_new;
TC126,F009,RENAME TABLE,Negative,PASS,0.073676300002262,1050 (42S01): Table 't_f009_6' already exists,RENAME TABLE t_f009_6_new TO t_f009_6;
TC127,F009,RENAME TABLE,Negative,PASS,0.07615350000560284,1050 (42S01): Table 't_f009_7' already exists,RENAME TABLE t_f009_7_new TO t_f009_7;
TC128,F009,RENAME TABLE,Negative,PASS,0.07181150000542402,1050 (42S01): Table 't_f009_8' already exists,RENAME TABLE t_f009_8_new TO t_f009_8;
TC129,F009,RENAME TABLE,Negative,PASS,0.08624280011281371,1050 (42S01): Table 't_f009_9' already exists,RENAME TABLE t_f009_9_new TO t_f009_9;
TC130,F009,RENAME TABLE,Negative,PASS,0.07505379989743233,1050 (42S01): Table 't_f009_10' already exists,RENAME TABLE t_f009_10_new TO t_f009_10;
TC131,F009,RENAME TABLE,Edge,PASS,0.11219229991547763,,RENAME TABLE t_f009_11 TO t_f009_11_new;
TC132,F009,RENAME TABLE,Edge,PASS,0.1705748001113534,,RENAME TABLE t_f009_12 TO t_f009_12_new;
TC133,F009,RENAME TABLE,Edge,PASS,0.0999980999622494,,RENAME TABLE t_f009_13 TO t_f009_13_new;
TC134,F009,RENAME TABLE,Edge,PASS,0.10677170008420944,,RENAME TABLE t_f009_14 TO t_f009_14_new;
TC135,F009,RENAME TABLE,Edge,PASS,0.10492109996266663,,RENAME TABLE t_f009_15 TO t_f009_15_new;
TC136,F010,DROP TABLE / TRUNCATE TABLE,Positive,PASS,0.15850050002336502,,TRUNCATE TABLE t_f010_1;
TC137,F010,DROP TABLE / TRUNCATE TABLE,Positive,PASS,0.11352309980429709,,DROP TABLE t_f010_2;
TC138,F010,DROP TABLE / TRUNCATE TABLE,Positive,PASS,0.1579014000017196,,TRUNCATE TABLE t_f010_3;
TC139,F010,DROP TABLE / TRUNCATE TABLE,Positive,PASS,0.10856329998932779,,DROP TABLE t_f010_4;
TC140,F010,DROP TABLE / TRUNCATE TABLE,Positive,PASS,0.24245360004715621,,TRUNCATE TABLE t_f010_5;
TC141,F010,DROP TABLE / TRUNCATE TABLE,Negative,PASS,0.0945685999467969,1146 (42S02): Table 'ai_testing_group1.missing_t_f010_6' doesn't exist,TRUNCATE TABLE missing_t_f010_6;
TC142,F010,DROP TABLE / TRUNCATE TABLE,Negative,PASS,0.087089299922809,1146 (42S02): Table 'ai_testing_group1.missing_t_f010_7' doesn't exist,TRUNCATE TABLE missing_t_f010_7;
TC143,F010,DROP TABLE / TRUNCATE TABLE,Negative,PASS,0.08439780003391206,1146 (42S02): Table 'ai_testing_group1.missing_t_f010_8' doesn't exist,TRUNCATE TABLE missing_t_f010_8;
TC144,F010,DROP TABLE / TRUNCATE TABLE,Negative,PASS,0.07707430003210902,1146 (42S02): Table 'ai_testing_group1.missing_t_f010_9' doesn't exist,TRUNCATE TABLE missing_t_f010_9;
TC145,F010,DROP TABLE / TRUNCATE TABLE,Negative,PASS,0.08030779985710979,1146 (42S02): Table 'ai_testing_group1.missing_t_f010_10' doesn't exist,TRUNCATE TABLE missing_t_f010_10;
TC146,F010,DROP TABLE / TRUNCATE TABLE,Edge,PASS,0.19182539987377822,,TRUNCATE TABLE t_f010_11;
TC147,F010,DROP TABLE / TRUNCATE TABLE,Edge,PASS,0.12620709999464452,,DROP TABLE t_f010_12;
TC148,F010,DROP TABLE / TRUNCATE TABLE,Edge,PASS,0.2566020998638123,,TRUNCATE TABLE t_f010_13;
TC149,F010,DROP TABLE / TRUNCATE TABLE,Edge,PASS,0.12003170000389218,,DROP TABLE t_f010_14;
TC150,F010,DROP TABLE / TRUNCATE TABLE,Edge,PASS,0.17447170009836555,,TRUNCATE TABLE t_f010_15;
TC151,F011,INSERT single row,Positive,PASS,0.12085329997353256,,"INSERT INTO t_f011_1(id,name,email,age,salary,dept_id,joining_date) VALUES (10,'User0','uf0110@x.test',28,35000,1,'2025-01-01');"
TC152,F011,INSERT single row,Positive,PASS,0.1453202001284808,,"INSERT INTO t_f011_2(id,name,email,age,salary,dept_id,joining_date) VALUES (10,'User1','uf0111@x.test',28,35000,1,'2025-01-01');"
TC153,F011,INSERT single row,Positive,PASS,0.14410490007139742,,"INSERT INTO t_f011_3(id,name,email,age,salary,dept_id,joining_date) VALUES (10,'User2','uf0112@x.test',28,35000,1,'2025-01-01');"
TC154,F011,INSERT single row,Positive,PASS,0.17491549998521805,,"INSERT INTO t_f011_4(id,name,email,age,salary,dept_id,joining_date) VALUES (10,'User3','uf0113@x.test',28,35000,1,'2025-01-01');"
TC155,F011,INSERT single row,Positive,PASS,0.14591260021552444,,"INSERT INTO t_f011_5(id,name,email,age,salary,dept_id,joining_date) VALUES (10,'User4','uf0114@x.test',28,35000,1,'2025-01-01');"
TC156,F011,INSERT single row,Negative,PASS,0.1261505999136716,1062 (23000): Duplicate entry '1' for key 't_f011_6.PRIMARY',INSERT INTO t_f011_6(id) VALUES (1);
TC157,F011,INSERT single row,Negative,PASS,0.1435849000699818,1062 (23000): Duplicate entry '1' for key 't_f011_7.PRIMARY',INSERT INTO t_f011_7(id) VALUES (1);
TC158,F011,INSERT single row,Negative,PASS,0.11114699998870492,1062 (23000): Duplicate entry '1' for key 't_f011_8.PRIMARY',INSERT INTO t_f011_8(id) VALUES (1);
TC159,F011,INSERT single row,Negative,PASS,0.10236889985390007,1062 (23000): Duplicate entry '1' for key 't_f011_9.PRIMARY',INSERT INTO t_f011_9(id) VALUES (1);
TC160,F011,INSERT single row,Negative,PASS,0.14940010011196136,1062 (23000): Duplicate entry '1' for key 't_f011_10.PRIMARY',INSERT INTO t_f011_10(id) VALUES (1);
TC161,F011,INSERT single row,Edge,PASS,0.1493551000021398,,"INSERT INTO t_f011_11(id,name,email,age,salary,dept_id,joining_date) VALUES (10,'User10','uf01110@x.test',28,35000,1,'2025-01-01');"
TC162,F011,INSERT single row,Edge,PASS,0.19106710003688931,,"INSERT INTO t_f011_12(id,name,email,age,salary,dept_id,joining_date) VALUES (10,'User11','uf01111@x.test',28,35000,1,'2025-01-01');"
TC163,F011,INSERT single row,Edge,PASS,0.12198239983990788,,"INSERT INTO t_f011_13(id,name,email,age,salary,dept_id,joining_date) VALUES (10,'User12','uf01112@x.test',28,35000,1,'2025-01-01');"
TC164,F011,INSERT single row,Edge,PASS,0.13706220011226833,,"INSERT INTO t_f011_14(id,name,email,age,salary,dept_id,joining_date) VALUES (10,'User13','uf01113@x.test',28,35000,1,'2025-01-01');"
TC165,F011,INSERT single row,Edge,PASS,0.1463547998573631,,"INSERT INTO t_f011_15(id,name,email,age,salary,dept_id,joining_date) VALUES (10,'User14','uf01114@x.test',28,35000,1,'2025-01-01');"
TC166,F012,INSERT multiple rows,Positive,PASS,0.13750070007517934,,"INSERT INTO t_f012_1(id,name) VALUES (10,'A0'),(11,'B0'),(12,'C0');"
TC167,F012,INSERT multiple rows,Positive,PASS,0.14125339989550412,,"INSERT INTO t_f012_2(id,name) VALUES (10,'A1'),(11,'B1'),(12,'C1');"
TC168,F012,INSERT multiple rows,Positive,PASS,0.1833599000237882,,"INSERT INTO t_f012_3(id,name) VALUES (10,'A2'),(11,'B2'),(12,'C2');"
TC169,F012,INSERT multiple rows,Positive,PASS,0.17833490017801523,,"INSERT INTO t_f012_4(id,name) VALUES (10,'A3'),(11,'B3'),(12,'C3');"
TC170,F012,INSERT multiple rows,Positive,PASS,0.11686489987187088,,"INSERT INTO t_f012_5(id,name) VALUES (10,'A4'),(11,'B4'),(12,'C4');"
TC171,F012,INSERT multiple rows,Negative,PASS,0.13112490018829703,1062 (23000): Duplicate entry '10' for key 't_f012_6.PRIMARY',"INSERT INTO t_f012_6(id,name) VALUES (10,'A'),(10,'B');"
TC172,F012,INSERT multiple rows,Negative,PASS,0.12089570006355643,1062 (23000): Duplicate entry '10' for key 't_f012_7.PRIMARY',"INSERT INTO t_f012_7(id,name) VALUES (10,'A'),(10,'B');"
TC173,F012,INSERT multiple rows,Negative,PASS,0.1348265998531133,1062 (23000): Duplicate entry '10' for key 't_f012_8.PRIMARY',"INSERT INTO t_f012_8(id,name) VALUES (10,'A'),(10,'B');"
TC174,F012,INSERT multiple rows,Negative,PASS,0.16085859993472695,1062 (23000): Duplicate entry '10' for key 't_f012_9.PRIMARY',"INSERT INTO t_f012_9(id,name) VALUES (10,'A'),(10,'B');"
TC175,F012,INSERT multiple rows,Negative,PASS,0.1407900000922382,1062 (23000): Duplicate entry '10' for key 't_f012_10.PRIMARY',"INSERT INTO t_f012_10(id,name) VALUES (10,'A'),(10,'B');"
TC176,F012,INSERT multiple rows,Edge,PASS,0.12638669996522367,,"INSERT INTO t_f012_11(id,name) VALUES (10,'A10'),(11,'B10'),(12,'C10');"
TC177,F012,INSERT multiple rows,Edge,PASS,0.12781079998239875,,"INSERT INTO t_f012_12(id,name) VALUES (10,'A11'),(11,'B11'),(12,'C11');"
TC178,F012,INSERT multiple rows,Edge,PASS,0.12575680017471313,,"INSERT INTO t_f012_13(id,name) VALUES (10,'A12'),(11,'B12'),(12,'C12');"
TC179,F012,INSERT multiple rows,Edge,PASS,0.14087080000899732,,"INSERT INTO t_f012_14(id,name) VALUES (10,'A13'),(11,'B13'),(12,'C13');"
TC180,F012,INSERT multiple rows,Edge,PASS,0.1400810000486672,,"INSERT INTO t_f012_15(id,name) VALUES (10,'A14'),(11,'B14'),(12,'C14');"
TC181,F013,INSERT with selected columns,Positive,PASS,0.13822800014168024,,"INSERT INTO t_f013_1(id,name,email) VALUES (10,'Selected0','sel0@x.test');"
TC182,F013,INSERT with selected columns,Positive,PASS,0.13198600010946393,,"INSERT INTO t_f013_2(id,name,email) VALUES (10,'Selected1','sel1@x.test');"
TC183,F013,INSERT with selected columns,Positive,PASS,0.1627470999956131,,"INSERT INTO t_f013_3(id,name,email) VALUES (10,'Selected2','sel2@x.test');"
TC184,F013,INSERT with selected columns,Positive,PASS,0.16377340001054108,,"INSERT INTO t_f013_4(id,name,email) VALUES (10,'Selected3','sel3@x.test');"
TC185,F013,INSERT with selected columns,Positive,PASS,0.12292019999586046,,"INSERT INTO t_f013_5(id,name,email) VALUES (10,'Selected4','sel4@x.test');"
TC186,F013,INSERT with selected columns,Negative,PASS,0.13374989992007613,1054 (42S22): Unknown column 'unknown_col' in 'field list',INSERT INTO t_f013_6(unknown_col) VALUES (1);
TC187,F013,INSERT with selected columns,Negative,PASS,0.1365330999251455,1054 (42S22): Unknown column 'unknown_col' in 'field list',INSERT INTO t_f013_7(unknown_col) VALUES (1);
TC188,F013,INSERT with selected columns,Negative,PASS,0.13286189991049469,1054 (42S22): Unknown column 'unknown_col' in 'field list',INSERT INTO t_f013_8(unknown_col) VALUES (1);
TC189,F013,INSERT with selected columns,Negative,PASS,0.12204100005328655,1054 (42S22): Unknown column 'unknown_col' in 'field list',INSERT INTO t_f013_9(unknown_col) VALUES (1);
TC190,F013,INSERT with selected columns,Negative,PASS,0.17033460014499724,1054 (42S22): Unknown column 'unknown_col' in 'field list',INSERT INTO t_f013_10(unknown_col) VALUES (1);
TC191,F013,INSERT with selected columns,Edge,PASS,0.13641709997318685,,"INSERT INTO t_f013_11(id,name,email) VALUES (10,'Selected10','sel10@x.test');"
TC192,F013,INSERT with selected columns,Edge,PASS,0.1471899999305606,,"INSERT INTO t_f013_12(id,name,email) VALUES (10,'Selected11','sel11@x.test');"
TC193,F013,INSERT with selected columns,Edge,PASS,0.15492599993012846,,"INSERT INTO t_f013_13(id,name,email) VALUES (10,'Selected12','sel12@x.test');"
TC194,F013,INSERT with selected columns,Edge,PASS,0.1359848000574857,,"INSERT INTO t_f013_14(id,name,email) VALUES (10,'Selected13','sel13@x.test');"
TC195,F013,INSERT with selected columns,Edge,PASS,0.15552760008722544,,"INSERT INTO t_f013_15(id,name,email) VALUES (10,'Selected14','sel14@x.test');"
TC196,F014,INSERT using DEFAULT values,Positive,PASS,0.08723710011690855,,INSERT INTO t_f014_1(id) VALUES (10);
TC197,F014,INSERT using DEFAULT values,Positive,PASS,0.10310619999654591,,INSERT INTO t_f014_2(id) VALUES (10);
TC198,F014,INSERT using DEFAULT values,Positive,PASS,0.11604420002549887,,INSERT INTO t_f014_3(id) VALUES (10);
TC199,F014,INSERT using DEFAULT values,Positive,PASS,0.07656170008704066,,INSERT INTO t_f014_4(id) VALUES (10);
TC200,F014,INSERT using DEFAULT values,Positive,PASS,0.08804409997537732,,INSERT INTO t_f014_5(id) VALUES (10);
TC201,F014,INSERT using DEFAULT values,Negative,PASS,0.07571580004878342,1054 (42S22): Unknown column 'missing_col' in 'field list',"INSERT INTO t_f014_6(id,missing_col) VALUES (1,2);"
TC202,F014,INSERT using DEFAULT values,Negative,PASS,0.0680589999537915,1054 (42S22): Unknown column 'missing_col' in 'field list',"INSERT INTO t_f014_7(id,missing_col) VALUES (1,2);"
TC203,F014,INSERT using DEFAULT values,Negative,PASS,0.07517289998941123,1054 (42S22): Unknown column 'missing_col' in 'field list',"INSERT INTO t_f014_8(id,missing_col) VALUES (1,2);"
TC204,F014,INSERT using DEFAULT values,Negative,PASS,0.06960909999907017,1054 (42S22): Unknown column 'missing_col' in 'field list',"INSERT INTO t_f014_9(id,missing_col) VALUES (1,2);"
TC205,F014,INSERT using DEFAULT values,Negative,PASS,0.07278289995156229,1054 (42S22): Unknown column 'missing_col' in 'field list',"INSERT INTO t_f014_10(id,missing_col) VALUES (1,2);"
TC206,F014,INSERT using DEFAULT values,Edge,PASS,0.07880569994449615,,INSERT INTO t_f014_11(id) VALUES (10);
TC207,F014,INSERT using DEFAULT values,Edge,PASS,0.08354869997128844,,INSERT INTO t_f014_12(id) VALUES (10);
TC208,F014,INSERT using DEFAULT values,Edge,PASS,0.08755990001372993,,INSERT INTO t_f014_13(id) VALUES (10);
TC209,F014,INSERT using DEFAULT values,Edge,PASS,0.09527409984730184,,INSERT INTO t_f014_14(id) VALUES (10);
TC210,F014,INSERT using DEFAULT values,Edge,PASS,0.13624899997375906,,INSERT INTO t_f014_15(id) VALUES (10);
TC211,F015,INSERT NULL values,Positive,PASS,0.1453084999229759,,"INSERT INTO t_f015_1(id,name,email) VALUES (10,NULL,NULL);"
TC212,F015,INSERT NULL values,Positive,PASS,0.1546364000532776,,"INSERT INTO t_f015_2(id,name,email) VALUES (10,NULL,NULL);"
TC213,F015,INSERT NULL values,Positive,PASS,0.1394736000802368,,"INSERT INTO t_f015_3(id,name,email) VALUES (10,NULL,NULL);"
TC214,F015,INSERT NULL values,Positive,PASS,0.12718790001235902,,"INSERT INTO t_f015_4(id,name,email) VALUES (10,NULL,NULL);"
TC215,F015,INSERT NULL values,Positive,PASS,0.12691809982061386,,"INSERT INTO t_f015_5(id,name,email) VALUES (10,NULL,NULL);"
TC216,F015,INSERT NULL values,Negative,PASS,0.1357585999649018,1048 (23000): Column 'name' cannot be null,"INSERT INTO t_f015_6(id,name) VALUES (10,NULL);"
TC217,F015,INSERT NULL values,Negative,PASS,0.20546480012126267,1048 (23000): Column 'name' cannot be null,"INSERT INTO t_f015_7(id,name) VALUES (10,NULL);"
TC218,F015,INSERT NULL values,Negative,PASS,0.12813570001162589,1048 (23000): Column 'name' cannot be null,"INSERT INTO t_f015_8(id,name) VALUES (10,NULL);"
TC219,F015,INSERT NULL values,Negative,PASS,0.14191549993120134,1048 (23000): Column 'name' cannot be null,"INSERT INTO t_f015_9(id,name) VALUES (10,NULL);"
TC220,F015,INSERT NULL values,Negative,PASS,0.14690180006437004,1048 (23000): Column 'name' cannot be null,"INSERT INTO t_f015_10(id,name) VALUES (10,NULL);"
TC221,F015,INSERT NULL values,Edge,PASS,0.13746599992737174,,"INSERT INTO t_f015_11(id,name,email) VALUES (10,NULL,NULL);"
TC222,F015,INSERT NULL values,Edge,PASS,0.17990739992819726,,"INSERT INTO t_f015_12(id,name,email) VALUES (10,NULL,NULL);"
TC223,F015,INSERT NULL values,Edge,PASS,0.18708850000984967,,"INSERT INTO t_f015_13(id,name,email) VALUES (10,NULL,NULL);"
TC224,F015,INSERT NULL values,Edge,PASS,0.13862630003131926,,"INSERT INTO t_f015_14(id,name,email) VALUES (10,NULL,NULL);"
TC225,F015,INSERT NULL values,Edge,PASS,0.1287664999254048,,"INSERT INTO t_f015_15(id,name,email) VALUES (10,NULL,NULL);"
TC226,F016,INSERT duplicate PRIMARY KEY,Positive,PASS,0.11856399988755584,,"INSERT INTO t_f016_1(id,name,email) VALUES (20,'Unique0','unique0@x.test');"
TC227,F016,INSERT duplicate PRIMARY KEY,Positive,PASS,0.151488299947232,,"INSERT INTO t_f016_2(id,name,email) VALUES (20,'Unique1','unique1@x.test');"
TC228,F016,INSERT duplicate PRIMARY KEY,Positive,PASS,0.13380860001780093,,"INSERT INTO t_f016_3(id,name,email) VALUES (20,'Unique2','unique2@x.test');"
TC229,F016,INSERT duplicate PRIMARY KEY,Positive,PASS,0.13180109998211265,,"INSERT INTO t_f016_4(id,name,email) VALUES (20,'Unique3','unique3@x.test');"
TC230,F016,INSERT duplicate PRIMARY KEY,Positive,PASS,0.11960959993302822,,"INSERT INTO t_f016_5(id,name,email) VALUES (20,'Unique4','unique4@x.test');"
TC231,F016,INSERT duplicate PRIMARY KEY,Negative,PASS,0.17133809998631477,1062 (23000): Duplicate entry '10' for key 't_f016_6.PRIMARY',"INSERT INTO t_f016_6(id,name,email) VALUES (10,'Second','other5@x.test');"
TC232,F016,INSERT duplicate PRIMARY KEY,Negative,PASS,0.14061240013688803,1062 (23000): Duplicate entry '10' for key 't_f016_7.PRIMARY',"INSERT INTO t_f016_7(id,name,email) VALUES (10,'Second','other6@x.test');"
TC233,F016,INSERT duplicate PRIMARY KEY,Negative,PASS,0.14046759996563196,1062 (23000): Duplicate entry '10' for key 't_f016_8.PRIMARY',"INSERT INTO t_f016_8(id,name,email) VALUES (10,'Second','other7@x.test');"
TC234,F016,INSERT duplicate PRIMARY KEY,Negative,PASS,0.1304490000475198,1062 (23000): Duplicate entry '10' for key 't_f016_9.PRIMARY',"INSERT INTO t_f016_9(id,name,email) VALUES (10,'Second','other8@x.test');"
TC235,F016,INSERT duplicate PRIMARY KEY,Negative,PASS,0.13842970016412437,1062 (23000): Duplicate entry '10' for key 't_f016_10.PRIMARY',"INSERT INTO t_f016_10(id,name,email) VALUES (10,'Second','other9@x.test');"
TC236,F016,INSERT duplicate PRIMARY KEY,Edge,PASS,0.15810990007594228,,"INSERT INTO t_f016_11(id,name,email) VALUES (20,'Unique10','unique10@x.test');"
TC237,F016,INSERT duplicate PRIMARY KEY,Edge,PASS,0.1576338999439031,,"INSERT INTO t_f016_12(id,name,email) VALUES (20,'Unique11','unique11@x.test');"
TC238,F016,INSERT duplicate PRIMARY KEY,Edge,PASS,0.17263170005753636,,"INSERT INTO t_f016_13(id,name,email) VALUES (20,'Unique12','unique12@x.test');"
TC239,F016,INSERT duplicate PRIMARY KEY,Edge,PASS,0.15321170003153384,,"INSERT INTO t_f016_14(id,name,email) VALUES (20,'Unique13','unique13@x.test');"
TC240,F016,INSERT duplicate PRIMARY KEY,Edge,PASS,0.16153019992634654,,"INSERT INTO t_f016_15(id,name,email) VALUES (20,'Unique14','unique14@x.test');"
TC241,F017,INSERT duplicate UNIQUE value,Positive,PASS,0.14815370016731322,,"INSERT INTO t_f017_1(id,name,email) VALUES (20,'Unique0','uniquef0170@x.test');"
TC242,F017,INSERT duplicate UNIQUE value,Positive,PASS,0.1983014999423176,,"INSERT INTO t_f017_2(id,name,email) VALUES (20,'Unique1','uniquef0171@x.test');"
TC243,F017,INSERT duplicate UNIQUE value,Positive,PASS,0.16137000010348856,,"INSERT INTO t_f017_3(id,name,email) VALUES (20,'Unique2','uniquef0172@x.test');"
TC244,F017,INSERT duplicate UNIQUE value,Positive,PASS,0.1591161999385804,,"INSERT INTO t_f017_4(id,name,email) VALUES (20,'Unique3','uniquef0173@x.test');"
TC245,F017,INSERT duplicate UNIQUE value,Positive,PASS,0.14588079997338355,,"INSERT INTO t_f017_5(id,name,email) VALUES (20,'Unique4','uniquef0174@x.test');"
TC246,F017,INSERT duplicate UNIQUE value,Negative,PASS,0.13946059998124838,1062 (23000): Duplicate entry 'samef0175@x.test' for key 't_f017_6.email',"INSERT INTO t_f017_6(id,name,email) VALUES (11,'Second','samef0175@x.test');"
TC247,F017,INSERT duplicate UNIQUE value,Negative,PASS,0.1352629999164492,1062 (23000): Duplicate entry 'samef0176@x.test' for key 't_f017_7.email',"INSERT INTO t_f017_7(id,name,email) VALUES (11,'Second','samef0176@x.test');"
TC248,F017,INSERT duplicate UNIQUE value,Negative,PASS,0.144995299866423,1062 (23000): Duplicate entry 'samef0177@x.test' for key 't_f017_8.email',"INSERT INTO t_f017_8(id,name,email) VALUES (11,'Second','samef0177@x.test');"
TC249,F017,INSERT duplicate UNIQUE value,Negative,PASS,0.1262873001396656,1062 (23000): Duplicate entry 'samef0178@x.test' for key 't_f017_9.email',"INSERT INTO t_f017_9(id,name,email) VALUES (11,'Second','samef0178@x.test');"
TC250,F017,INSERT duplicate UNIQUE value,Negative,PASS,0.172964199911803,1062 (23000): Duplicate entry 'samef0179@x.test' for key 't_f017_10.email',"INSERT INTO t_f017_10(id,name,email) VALUES (11,'Second','samef0179@x.test');"
TC251,F017,INSERT duplicate UNIQUE value,Edge,PASS,0.16493130009621382,,"INSERT INTO t_f017_11(id,name,email) VALUES (20,'Unique10','uniquef01710@x.test');"
TC252,F017,INSERT duplicate UNIQUE value,Edge,PASS,0.14527360000647604,,"INSERT INTO t_f017_12(id,name,email) VALUES (20,'Unique11','uniquef01711@x.test');"
TC253,F017,INSERT duplicate UNIQUE value,Edge,PASS,0.14801270002499223,,"INSERT INTO t_f017_13(id,name,email) VALUES (20,'Unique12','uniquef01712@x.test');"
TC254,F017,INSERT duplicate UNIQUE value,Edge,PASS,0.13503120001405478,,"INSERT INTO t_f017_14(id,name,email) VALUES (20,'Unique13','uniquef01713@x.test');"
TC255,F017,INSERT duplicate UNIQUE value,Edge,PASS,0.14771699998527765,,"INSERT INTO t_f017_15(id,name,email) VALUES (20,'Unique14','uniquef01714@x.test');"
TC256,F018,INSERT invalid data type,Positive,PASS,0.13178639998659492,,"INSERT INTO t_f018_1(id,name) VALUES (10,'TypeTest0');"
TC257,F018,INSERT invalid data type,Positive,PASS,0.1902801999822259,,"INSERT INTO t_f018_2(id,name) VALUES (10,'TypeTest1');"
TC258,F018,INSERT invalid data type,Positive,PASS,0.141130399890244,,"INSERT INTO t_f018_3(id,name) VALUES (10,'TypeTest2');"
TC259,F018,INSERT invalid data type,Positive,PASS,0.14383600000292063,,"INSERT INTO t_f018_4(id,name) VALUES (10,'TypeTest3');"
TC260,F018,INSERT invalid data type,Positive,PASS,0.14060640009120107,,"INSERT INTO t_f018_5(id,name) VALUES (10,'TypeTest4');"
TC261,F018,INSERT invalid data type,Negative,PASS,0.13076890003867447,1366 (HY000): Incorrect integer value: 'not_an_integer' for column 'age' at row 1,"INSERT INTO t_f018_6(id,age) VALUES (10,'not_an_integer');"
TC262,F018,INSERT invalid data type,Negative,PASS,0.14024040009826422,1366 (HY000): Incorrect integer value: 'not_an_integer' for column 'age' at row 1,"INSERT INTO t_f018_7(id,age) VALUES (10,'not_an_integer');"
TC263,F018,INSERT invalid data type,Negative,PASS,0.14165170001797378,1366 (HY000): Incorrect integer value: 'not_an_integer' for column 'age' at row 1,"INSERT INTO t_f018_8(id,age) VALUES (10,'not_an_integer');"
TC264,F018,INSERT invalid data type,Negative,PASS,0.19208439998328686,1366 (HY000): Incorrect integer value: 'not_an_integer' for column 'age' at row 1,"INSERT INTO t_f018_9(id,age) VALUES (10,'not_an_integer');"
TC265,F018,INSERT invalid data type,Negative,PASS,0.12643760000355542,1366 (HY000): Incorrect integer value: 'not_an_integer' for column 'age' at row 1,"INSERT INTO t_f018_10(id,age) VALUES (10,'not_an_integer');"
TC266,F018,INSERT invalid data type,Edge,PASS,0.12183309998363256,,"INSERT INTO t_f018_11(id,name) VALUES (10,'TypeTest10');"
TC267,F018,INSERT invalid data type,Edge,PASS,0.14458550000563264,,"INSERT INTO t_f018_12(id,name) VALUES (10,'TypeTest11');"
TC268,F018,INSERT invalid data type,Edge,PASS,0.14123490010388196,,"INSERT INTO t_f018_13(id,name) VALUES (10,'TypeTest12');"
TC269,F018,INSERT invalid data type,Edge,PASS,0.13612219993956387,,"INSERT INTO t_f018_14(id,name) VALUES (10,'TypeTest13');"
TC270,F018,INSERT invalid data type,Edge,PASS,0.14269060012884438,,"INSERT INTO t_f018_15(id,name) VALUES (10,'TypeTest14');"
TC271,F019,INSERT missing NOT NULL value,Positive,PASS,0.21435010014101863,,"INSERT INTO t_f019_1(id,name) VALUES (10,'Present0');"
TC272,F019,INSERT missing NOT NULL value,Positive,PASS,0.14133790018968284,,"INSERT INTO t_f019_2(id,name) VALUES (10,'Present1');"
TC273,F019,INSERT missing NOT NULL value,Positive,PASS,0.16087660007178783,,"INSERT INTO t_f019_3(id,name) VALUES (10,'Present2');"
TC274,F019,INSERT missing NOT NULL value,Positive,PASS,0.13476070016622543,,"INSERT INTO t_f019_4(id,name) VALUES (10,'Present3');"
TC275,F019,INSERT missing NOT NULL value,Positive,PASS,0.16142069990746677,,"INSERT INTO t_f019_5(id,name) VALUES (10,'Present4');"
TC276,F019,INSERT missing NOT NULL value,Negative,PASS,0.13250260008499026,1364 (HY000): Field 'name' doesn't have a default value,"INSERT INTO t_f019_6(id,email) VALUES (10,'missingname5@x.test');"
TC277,F019,INSERT missing NOT NULL value,Negative,PASS,0.19446399994194508,1364 (HY000): Field 'name' doesn't have a default value,"INSERT INTO t_f019_7(id,email) VALUES (10,'missingname6@x.test');"
TC278,F019,INSERT missing NOT NULL value,Negative,PASS,0.16922500007785857,1364 (HY000): Field 'name' doesn't have a default value,"INSERT INTO t_f019_8(id,email) VALUES (10,'missingname7@x.test');"
TC279,F019,INSERT missing NOT NULL value,Negative,PASS,0.10992569988593459,1364 (HY000): Field 'name' doesn't have a default value,"INSERT INTO t_f019_9(id,email) VALUES (10,'missingname8@x.test');"
TC280,F019,INSERT missing NOT NULL value,Negative,PASS,0.12608129996806383,1364 (HY000): Field 'name' doesn't have a default value,"INSERT INTO t_f019_10(id,email) VALUES (10,'missingname9@x.test');"
TC281,F019,INSERT missing NOT NULL value,Edge,PASS,0.1542503999080509,,"INSERT INTO t_f019_11(id,name) VALUES (10,'Present10');"
TC282,F019,INSERT missing NOT NULL value,Edge,PASS,0.12670139991678298,,"INSERT INTO t_f019_12(id,name) VALUES (10,'Present11');"
TC283,F019,INSERT missing NOT NULL value,Edge,PASS,0.15924800001084805,,"INSERT INTO t_f019_13(id,name) VALUES (10,'Present12');"
TC284,F019,INSERT missing NOT NULL value,Edge,PASS,0.196247500134632,,"INSERT INTO t_f019_14(id,name) VALUES (10,'Present13');"
TC285,F019,INSERT missing NOT NULL value,Edge,PASS,0.14334750012494624,,"INSERT INTO t_f019_15(id,name) VALUES (10,'Present14');"
TC286,F020,INSERT violating FOREIGN KEY,Positive,PASS,0.20977939991280437,,"INSERT INTO t_f020_1_child VALUES (10,1);"
TC287,F020,INSERT violating FOREIGN KEY,Positive,PASS,0.2033587999176234,,"INSERT INTO t_f020_2_child VALUES (10,1);"
TC288,F020,INSERT violating FOREIGN KEY,Positive,PASS,0.20278759999200702,,"INSERT INTO t_f020_3_child VALUES (10,1);"
TC289,F020,INSERT violating FOREIGN KEY,Positive,PASS,0.25169079983606935,,"INSERT INTO t_f020_4_child VALUES (10,1);"
TC290,F020,INSERT violating FOREIGN KEY,Positive,PASS,0.1968779000453651,,"INSERT INTO t_f020_5_child VALUES (10,1);"
TC291,F020,INSERT violating FOREIGN KEY,Negative,PASS,0.19990090001374483,"1452 (23000): Cannot add or update a child row: a foreign key constraint fails (`ai_testing_group1`.`t_f020_6_child`, CONSTRAINT `t_f020_6_child_ibfk_1` FOREIGN KEY (`parent_id`) REFERENCES `t_f020_6_parent` (`id`))","INSERT INTO t_f020_6_child VALUES (10,999999);"
TC292,F020,INSERT violating FOREIGN KEY,Negative,PASS,0.20373960002325475,"1452 (23000): Cannot add or update a child row: a foreign key constraint fails (`ai_testing_group1`.`t_f020_7_child`, CONSTRAINT `t_f020_7_child_ibfk_1` FOREIGN KEY (`parent_id`) REFERENCES `t_f020_7_parent` (`id`))","INSERT INTO t_f020_7_child VALUES (10,999999);"
TC293,F020,INSERT violating FOREIGN KEY,Negative,PASS,0.181887999875471,"1452 (23000): Cannot add or update a child row: a foreign key constraint fails (`ai_testing_group1`.`t_f020_8_child`, CONSTRAINT `t_f020_8_child_ibfk_1` FOREIGN KEY (`parent_id`) REFERENCES `t_f020_8_parent` (`id`))","INSERT INTO t_f020_8_child VALUES (10,999999);"
TC294,F020,INSERT violating FOREIGN KEY,Negative,PASS,0.2424355000257492,"1452 (23000): Cannot add or update a child row: a foreign key constraint fails (`ai_testing_group1`.`t_f020_9_child`, CONSTRAINT `t_f020_9_child_ibfk_1` FOREIGN KEY (`parent_id`) REFERENCES `t_f020_9_parent` (`id`))","INSERT INTO t_f020_9_child VALUES (10,999999);"
TC295,F020,INSERT violating FOREIGN KEY,Negative,PASS,0.21255289996042848,"1452 (23000): Cannot add or update a child row: a foreign key constraint fails (`ai_testing_group1`.`t_f020_10_child`, CONSTRAINT `t_f020_10_child_ibfk_1` FOREIGN KEY (`parent_id`) REFERENCES `t_f020_10_parent` (`id`))","INSERT INTO t_f020_10_child VALUES (10,999999);"
TC296,F020,INSERT violating FOREIGN KEY,Edge,PASS,0.19586770003661513,,"INSERT INTO t_f020_11_child VALUES (10,1);"
TC297,F020,INSERT violating FOREIGN KEY,Edge,PASS,0.25277749984525144,,"INSERT INTO t_f020_12_child VALUES (10,1);"
TC298,F020,INSERT violating FOREIGN KEY,Edge,PASS,0.23399430001154542,,"INSERT INTO t_f020_13_child VALUES (10,1);"
TC299,F020,INSERT violating FOREIGN KEY,Edge,PASS,0.32187579991295934,,"INSERT INTO t_f020_14_child VALUES (10,1);"
TC300,F020,INSERT violating FOREIGN KEY,Edge,PASS,0.19837150000967085,,"INSERT INTO t_f020_15_child VALUES (10,1);"
TC301,F021,UPDATE single row,Positive,PASS,0.14197360002435744,,UPDATE t_f021_1 SET salary=31000.00 WHERE id=1;
TC302,F021,UPDATE single row,Positive,PASS,0.14069989998824894,,UPDATE t_f021_2 SET salary=31100.00 WHERE id=1;
TC303,F021,UPDATE single row,Positive,PASS,0.1426671000663191,,UPDATE t_f021_3 SET salary=31200.00 WHERE id=1;
TC304,F021,UPDATE single row,Positive,PASS,0.17651080014184117,,UPDATE t_f021_4 SET salary=31300.00 WHERE id=1;
TC305,F021,UPDATE single row,Positive,PASS,0.1487184998113662,,UPDATE t_f021_5 SET salary=31400.00 WHERE id=1;
TC306,F021,UPDATE single row,Negative,PASS,0.12386210006661713,1366 (HY000): Incorrect decimal value: 'bad' for column 'salary' at row 1,UPDATE t_f021_6 SET salary = 'bad' WHERE id=1;
TC307,F021,UPDATE single row,Negative,PASS,0.12682559993118048,1366 (HY000): Incorrect decimal value: 'bad' for column 'salary' at row 1,UPDATE t_f021_7 SET salary = 'bad' WHERE id=1;
TC308,F021,UPDATE single row,Negative,PASS,0.13437779992818832,1366 (HY000): Incorrect decimal value: 'bad' for column 'salary' at row 1,UPDATE t_f021_8 SET salary = 'bad' WHERE id=1;
TC309,F021,UPDATE single row,Negative,PASS,0.13249220000579953,1366 (HY000): Incorrect decimal value: 'bad' for column 'salary' at row 1,UPDATE t_f021_9 SET salary = 'bad' WHERE id=1;
TC310,F021,UPDATE single row,Negative,PASS,0.11452549998648465,1366 (HY000): Incorrect decimal value: 'bad' for column 'salary' at row 1,UPDATE t_f021_10 SET salary = 'bad' WHERE id=1;
TC311,F021,UPDATE single row,Edge,PASS,0.19120700005441904,,UPDATE t_f021_11 SET salary=32000.00 WHERE id=1;
TC312,F021,UPDATE single row,Edge,PASS,0.1307898999657482,,UPDATE t_f021_12 SET salary=32100.00 WHERE id=1;
TC313,F021,UPDATE single row,Edge,PASS,0.13192959991283715,,UPDATE t_f021_13 SET salary=32200.00 WHERE id=1;
TC314,F021,UPDATE single row,Edge,PASS,0.13616389990784228,,UPDATE t_f021_14 SET salary=32300.00 WHERE id=1;
TC315,F021,UPDATE single row,Edge,PASS,0.13773149996995926,,UPDATE t_f021_15 SET salary=32400.00 WHERE id=1;
TC316,F022,UPDATE multiple rows,Positive,PASS,0.12319890013895929,,"UPDATE t_f022_1 SET salary=50000 WHERE id IN (1,2);"
TC317,F022,UPDATE multiple rows,Positive,PASS,0.14222649997100234,,"UPDATE t_f022_2 SET salary=50000 WHERE id IN (1,2);"
TC318,F022,UPDATE multiple rows,Positive,PASS,0.21337789995595813,,"UPDATE t_f022_3 SET salary=50000 WHERE id IN (1,2);"
TC319,F022,UPDATE multiple rows,Positive,PASS,0.14445489994250238,,"UPDATE t_f022_4 SET salary=50000 WHERE id IN (1,2);"
TC320,F022,UPDATE multiple rows,Positive,PASS,0.12437540013343096,,"UPDATE t_f022_5 SET salary=50000 WHERE id IN (1,2);"
TC321,F022,UPDATE multiple rows,Negative,PASS,0.13802230008877814,1366 (HY000): Incorrect decimal value: 'bad' for column 'salary' at row 1,"UPDATE t_f022_6 SET salary='bad' WHERE id IN (1,2);"
TC322,F022,UPDATE multiple rows,Negative,PASS,0.11185589991509914,1366 (HY000): Incorrect decimal value: 'bad' for column 'salary' at row 1,"UPDATE t_f022_7 SET salary='bad' WHERE id IN (1,2);"
TC323,F022,UPDATE multiple rows,Negative,PASS,0.14758890005759895,1366 (HY000): Incorrect decimal value: 'bad' for column 'salary' at row 1,"UPDATE t_f022_8 SET salary='bad' WHERE id IN (1,2);"
TC324,F022,UPDATE multiple rows,Negative,PASS,0.13580860011279583,1366 (HY000): Incorrect decimal value: 'bad' for column 'salary' at row 1,"UPDATE t_f022_9 SET salary='bad' WHERE id IN (1,2);"
TC325,F022,UPDATE multiple rows,Negative,PASS,0.19629900017753243,1366 (HY000): Incorrect decimal value: 'bad' for column 'salary' at row 1,"UPDATE t_f022_10 SET salary='bad' WHERE id IN (1,2);"
TC326,F022,UPDATE multiple rows,Edge,PASS,0.1546626000199467,,"UPDATE t_f022_11 SET salary=50000 WHERE id IN (1,2);"
TC327,F022,UPDATE multiple rows,Edge,PASS,0.13517649983987212,,"UPDATE t_f022_12 SET salary=50000 WHERE id IN (1,2);"
TC328,F022,UPDATE multiple rows,Edge,PASS,0.1532724997960031,,"UPDATE t_f022_13 SET salary=50000 WHERE id IN (1,2);"
TC329,F022,UPDATE multiple rows,Edge,PASS,0.14256550022400916,,"UPDATE t_f022_14 SET salary=50000 WHERE id IN (1,2);"
TC330,F022,UPDATE multiple rows,Edge,PASS,0.14702580007724464,,"UPDATE t_f022_15 SET salary=50000 WHERE id IN (1,2);"
TC331,F023,UPDATE using WHERE,Positive,PASS,0.1440922999754548,,UPDATE t_f023_1 SET salary=42000 WHERE id=2;
TC332,F023,UPDATE using WHERE,Positive,PASS,0.1910327000077814,,UPDATE t_f023_2 SET salary=42000 WHERE id=2;
TC333,F023,UPDATE using WHERE,Positive,PASS,0.1507221998181194,,UPDATE t_f023_3 SET salary=42000 WHERE id=2;
TC334,F023,UPDATE using WHERE,Positive,PASS,0.15822080010548234,,UPDATE t_f023_4 SET salary=42000 WHERE id=2;
TC335,F023,UPDATE using WHERE,Positive,PASS,0.1406274999026209,,UPDATE t_f023_5 SET salary=42000 WHERE id=2;
TC336,F023,UPDATE using WHERE,Negative,PASS,0.13717410014942288,1054 (42S22): Unknown column 'missing_col' in 'where clause',UPDATE t_f023_6 SET salary=99999 WHERE missing_col=1;
TC337,F023,UPDATE using WHERE,Negative,PASS,0.14825990004464984,1054 (42S22): Unknown column 'missing_col' in 'where clause',UPDATE t_f023_7 SET salary=99999 WHERE missing_col=1;
TC338,F023,UPDATE using WHERE,Negative,PASS,0.19354050001129508,1054 (42S22): Unknown column 'missing_col' in 'where clause',UPDATE t_f023_8 SET salary=99999 WHERE missing_col=1;
TC339,F023,UPDATE using WHERE,Negative,PASS,0.14213960012421012,1054 (42S22): Unknown column 'missing_col' in 'where clause',UPDATE t_f023_9 SET salary=99999 WHERE missing_col=1;
TC340,F023,UPDATE using WHERE,Negative,PASS,0.14200530014932156,1054 (42S22): Unknown column 'missing_col' in 'where clause',UPDATE t_f023_10 SET salary=99999 WHERE missing_col=1;
TC341,F023,UPDATE using WHERE,Edge,PASS,0.15323320007883012,,UPDATE t_f023_11 SET salary=42000 WHERE id=2;
TC342,F023,UPDATE using WHERE,Edge,PASS,0.12839150009676814,,UPDATE t_f023_12 SET salary=42000 WHERE id=2;
TC343,F023,UPDATE using WHERE,Edge,PASS,0.1278027999214828,,UPDATE t_f023_13 SET salary=42000 WHERE id=2;
TC344,F023,UPDATE using WHERE,Edge,PASS,0.16035090014338493,,UPDATE t_f023_14 SET salary=42000 WHERE id=2;
TC345,F023,UPDATE using WHERE,Edge,PASS,0.19918210012838244,,UPDATE t_f023_15 SET salary=42000 WHERE id=2;
TC346,F024,UPDATE without WHERE,Positive,PASS,0.1485009000170976,,UPDATE t_f024_1 SET salary=40000;
TC347,F024,UPDATE without WHERE,Positive,PASS,0.15275839995592833,,UPDATE t_f024_2 SET salary=40000;
TC348,F024,UPDATE without WHERE,Positive,PASS,0.11929349997080863,,UPDATE t_f024_3 SET salary=40000;
TC349,F024,UPDATE without WHERE,Positive,PASS,0.1516809999011457,,UPDATE t_f024_4 SET salary=40000;
TC350,F024,UPDATE without WHERE,Positive,PASS,0.15213209995999932,,UPDATE t_f024_5 SET salary=40000;
TC351,F024,UPDATE without WHERE,Negative,PASS,0.13643499999307096,1054 (42S22): Unknown column 'missing_col' in 'field list',UPDATE t_f024_6 SET missing_col=1;
TC352,F024,UPDATE without WHERE,Negative,PASS,0.23267779988236725,1054 (42S22): Unknown column 'missing_col' in 'field list',UPDATE t_f024_7 SET missing_col=1;
TC353,F024,UPDATE without WHERE,Negative,PASS,0.13015570002608,1054 (42S22): Unknown column 'missing_col' in 'field list',UPDATE t_f024_8 SET missing_col=1;
TC354,F024,UPDATE without WHERE,Negative,PASS,0.11749189998954535,1054 (42S22): Unknown column 'missing_col' in 'field list',UPDATE t_f024_9 SET missing_col=1;
TC355,F024,UPDATE without WHERE,Negative,PASS,0.1315851998515427,1054 (42S22): Unknown column 'missing_col' in 'field list',UPDATE t_f024_10 SET missing_col=1;
TC356,F024,UPDATE without WHERE,Edge,PASS,0.1484474001917988,,UPDATE t_f024_11 SET salary=40000;
TC357,F024,UPDATE without WHERE,Edge,PASS,0.12488909997045994,,UPDATE t_f024_12 SET salary=40000;
TC358,F024,UPDATE without WHERE,Edge,PASS,0.1718941000290215,,UPDATE t_f024_13 SET salary=40000;
TC359,F024,UPDATE without WHERE,Edge,PASS,0.16420149989426136,,UPDATE t_f024_14 SET salary=40000;
TC360,F024,UPDATE without WHERE,Edge,PASS,0.12733000004664063,,UPDATE t_f024_15 SET salary=40000;
TC361,F025,UPDATE multiple columns,Positive,PASS,0.1538672000169754,,"UPDATE t_f025_1 SET salary=40000, age=40 WHERE id=1;"
TC362,F025,UPDATE multiple columns,Positive,PASS,0.16226459993049502,,"UPDATE t_f025_2 SET salary=40000, age=40 WHERE id=1;"
TC363,F025,UPDATE multiple columns,Positive,PASS,0.17138740001246333,,"UPDATE t_f025_3 SET salary=40000, age=40 WHERE id=1;"
TC364,F025,UPDATE multiple columns,Positive,PASS,0.19469500007107854,,"UPDATE t_f025_4 SET salary=40000, age=40 WHERE id=1;"
TC365,F025,UPDATE multiple columns,Positive,PASS,0.25452809990383685,,"UPDATE t_f025_5 SET salary=40000, age=40 WHERE id=1;"
TC366,F025,UPDATE multiple columns,Negative,PASS,0.16557089984416962,1054 (42S22): Unknown column 'missing_col' in 'field list',"UPDATE t_f025_6 SET salary=40000, missing_col=1 WHERE id=1;"
TC367,F025,UPDATE multiple columns,Negative,PASS,0.16759150009602308,1054 (42S22): Unknown column 'missing_col' in 'field list',"UPDATE t_f025_7 SET salary=40000, missing_col=1 WHERE id=1;"
TC368,F025,UPDATE multiple columns,Negative,PASS,0.13987810001708567,1054 (42S22): Unknown column 'missing_col' in 'field list',"UPDATE t_f025_8 SET salary=40000, missing_col=1 WHERE id=1;"
TC369,F025,UPDATE multiple columns,Negative,PASS,0.14217620017006993,1054 (42S22): Unknown column 'missing_col' in 'field list',"UPDATE t_f025_9 SET salary=40000, missing_col=1 WHERE id=1;"
TC370,F025,UPDATE multiple columns,Negative,PASS,0.1695212998893112,1054 (42S22): Unknown column 'missing_col' in 'field list',"UPDATE t_f025_10 SET salary=40000, missing_col=1 WHERE id=1;"
TC371,F025,UPDATE multiple columns,Edge,PASS,0.1776350000873208,,"UPDATE t_f025_11 SET salary=40000, age=40 WHERE id=1;"
TC372,F025,UPDATE multiple columns,Edge,PASS,0.16782300011254847,,"UPDATE t_f025_12 SET salary=40000, age=40 WHERE id=1;"
TC373,F025,UPDATE multiple columns,Edge,PASS,0.14392910012975335,,"UPDATE t_f025_13 SET salary=40000, age=40 WHERE id=1;"
TC374,F025,UPDATE multiple columns,Edge,PASS,0.20072499988600612,,"UPDATE t_f025_14 SET salary=40000, age=40 WHERE id=1;"
TC375,F025,UPDATE multiple columns,Edge,PASS,0.16102109989151359,,"UPDATE t_f025_15 SET salary=40000, age=40 WHERE id=1;"
TC376,F026,UPDATE using arithmetic expressions,Positive,PASS,0.1718961000442505,,UPDATE t_f026_1 SET salary=salary + 1000 WHERE id=1;
TC377,F026,UPDATE using arithmetic expressions,Positive,PASS,0.15867480007000268,,UPDATE t_f026_2 SET salary=salary + 1000 WHERE id=1;
TC378,F026,UPDATE using arithmetic expressions,Positive,PASS,0.13348020007833838,,UPDATE t_f026_3 SET salary=salary + 1000 WHERE id=1;
TC379,F026,UPDATE using arithmetic expressions,Positive,PASS,0.11713099991902709,,UPDATE t_f026_4 SET salary=salary + 1000 WHERE id=1;
TC380,F026,UPDATE using arithmetic expressions,Positive,PASS,0.1194609000813216,,UPDATE t_f026_5 SET salary=salary + 1000 WHERE id=1;
TC381,F026,UPDATE using arithmetic expressions,Negative,PASS,0.1415220000781119,1054 (42S22): Unknown column 'missing_col' in 'field list',UPDATE t_f026_6 SET salary=salary + missing_col WHERE id=1;
TC382,F026,UPDATE using arithmetic expressions,Negative,PASS,0.12317889998666942,1054 (42S22): Unknown column 'missing_col' in 'field list',UPDATE t_f026_7 SET salary=salary + missing_col WHERE id=1;
TC383,F026,UPDATE using arithmetic expressions,Negative,PASS,0.12899490003474057,1054 (42S22): Unknown column 'missing_col' in 'field list',UPDATE t_f026_8 SET salary=salary + missing_col WHERE id=1;
TC384,F026,UPDATE using arithmetic expressions,Negative,PASS,0.1732512000016868,1054 (42S22): Unknown column 'missing_col' in 'field list',UPDATE t_f026_9 SET salary=salary + missing_col WHERE id=1;
TC385,F026,UPDATE using arithmetic expressions,Negative,PASS,0.1362568000331521,1054 (42S22): Unknown column 'missing_col' in 'field list',UPDATE t_f026_10 SET salary=salary + missing_col WHERE id=1;
TC386,F026,UPDATE using arithmetic expressions,Edge,PASS,0.11850580014288425,,UPDATE t_f026_11 SET salary=salary + 1000 WHERE id=1;
TC387,F026,UPDATE using arithmetic expressions,Edge,PASS,0.12736920011229813,,UPDATE t_f026_12 SET salary=salary + 1000 WHERE id=1;
TC388,F026,UPDATE using arithmetic expressions,Edge,PASS,0.15040150005370378,,UPDATE t_f026_13 SET salary=salary + 1000 WHERE id=1;
TC389,F026,UPDATE using arithmetic expressions,Edge,PASS,0.14282710012048483,,UPDATE t_f026_14 SET salary=salary + 1000 WHERE id=1;
TC390,F026,UPDATE using arithmetic expressions,Edge,PASS,0.1414956001099199,,UPDATE t_f026_15 SET salary=salary + 1000 WHERE id=1;
TC391,F027,UPDATE using string functions,Positive,PASS,0.1910998998209834,,UPDATE t_f027_1 SET name=UPPER(name) WHERE id=1;
TC392,F027,UPDATE using string functions,Positive,PASS,0.13184450007975101,,UPDATE t_f027_2 SET name=UPPER(name) WHERE id=1;
TC393,F027,UPDATE using string functions,Positive,PASS,0.14352990011684597,,UPDATE t_f027_3 SET name=UPPER(name) WHERE id=1;
TC394,F027,UPDATE using string functions,Positive,PASS,0.14145479979924858,,UPDATE t_f027_4 SET name=UPPER(name) WHERE id=1;
TC395,F027,UPDATE using string functions,Positive,PASS,0.14223959995433688,,UPDATE t_f027_5 SET name=UPPER(name) WHERE id=1;
TC396,F027,UPDATE using string functions,Negative,PASS,0.13568699988536537,1305 (42000): FUNCTION ai_testing_group1.NOT_A_FUNCTION does not exist,UPDATE t_f027_6 SET name=NOT_A_FUNCTION(name) WHERE id=1;
TC397,F027,UPDATE using string functions,Negative,PASS,0.13626200007274747,1305 (42000): FUNCTION ai_testing_group1.NOT_A_FUNCTION does not exist,UPDATE t_f027_7 SET name=NOT_A_FUNCTION(name) WHERE id=1;
TC398,F027,UPDATE using string functions,Negative,PASS,0.19835989992134273,1305 (42000): FUNCTION ai_testing_group1.NOT_A_FUNCTION does not exist,UPDATE t_f027_8 SET name=NOT_A_FUNCTION(name) WHERE id=1;
TC399,F027,UPDATE using string functions,Negative,PASS,0.10981799988076091,1305 (42000): FUNCTION ai_testing_group1.NOT_A_FUNCTION does not exist,UPDATE t_f027_9 SET name=NOT_A_FUNCTION(name) WHERE id=1;
TC400,F027,UPDATE using string functions,Negative,PASS,0.11295749992132187,1305 (42000): FUNCTION ai_testing_group1.NOT_A_FUNCTION does not exist,UPDATE t_f027_10 SET name=NOT_A_FUNCTION(name) WHERE id=1;
TC401,F027,UPDATE using string functions,Edge,PASS,0.13402249990031123,,UPDATE t_f027_11 SET name=UPPER(name) WHERE id=1;
TC402,F027,UPDATE using string functions,Edge,PASS,0.1467867000028491,,UPDATE t_f027_12 SET name=UPPER(name) WHERE id=1;
TC403,F027,UPDATE using string functions,Edge,PASS,0.14362749992869794,,UPDATE t_f027_13 SET name=UPPER(name) WHERE id=1;
TC404,F027,UPDATE using string functions,Edge,PASS,0.11887890007346869,,UPDATE t_f027_14 SET name=UPPER(name) WHERE id=1;
TC405,F027,UPDATE using string functions,Edge,PASS,0.2090010999236256,,UPDATE t_f027_15 SET name=UPPER(name) WHERE id=1;
TC406,F028,UPDATE NULL values,Positive,PASS,0.14688539993949234,,UPDATE t_f028_1 SET email=NULL WHERE id=1;
TC407,F028,UPDATE NULL values,Positive,PASS,0.13908330001868308,,UPDATE t_f028_2 SET email=NULL WHERE id=1;
TC408,F028,UPDATE NULL values,Positive,PASS,0.1496224000584334,,UPDATE t_f028_3 SET email=NULL WHERE id=1;
TC409,F028,UPDATE NULL values,Positive,PASS,0.14557450008578598,,UPDATE t_f028_4 SET email=NULL WHERE id=1;
TC410,F028,UPDATE NULL values,Positive,PASS,0.18366730003617704,,UPDATE t_f028_5 SET email=NULL WHERE id=1;
TC411,F028,UPDATE NULL values,Negative,PASS,0.20161700015887618,1048 (23000): Column 'name' cannot be null,UPDATE t_f028_6 SET name=NULL WHERE id=1;
TC412,F028,UPDATE NULL values,Negative,PASS,0.1385168000124395,1048 (23000): Column 'name' cannot be null,UPDATE t_f028_7 SET name=NULL WHERE id=1;
TC413,F028,UPDATE NULL values,Negative,PASS,0.12783470004796982,1048 (23000): Column 'name' cannot be null,UPDATE t_f028_8 SET name=NULL WHERE id=1;
TC414,F028,UPDATE NULL values,Negative,PASS,0.11806110013276339,1048 (23000): Column 'name' cannot be null,UPDATE t_f028_9 SET name=NULL WHERE id=1;
TC415,F028,UPDATE NULL values,Negative,PASS,0.11111690010875463,1048 (23000): Column 'name' cannot be null,UPDATE t_f028_10 SET name=NULL WHERE id=1;
TC416,F028,UPDATE NULL values,Edge,PASS,0.1427894001826644,,UPDATE t_f028_11 SET email=NULL WHERE id=1;
TC417,F028,UPDATE NULL values,Edge,PASS,0.15141799999400973,,UPDATE t_f028_12 SET email=NULL WHERE id=1;
TC418,F028,UPDATE NULL values,Edge,PASS,0.20721010002307594,,UPDATE t_f028_13 SET email=NULL WHERE id=1;
TC419,F028,UPDATE NULL values,Edge,PASS,0.14968999987468123,,UPDATE t_f028_14 SET email=NULL WHERE id=1;
TC420,F028,UPDATE NULL values,Edge,PASS,0.14379599993117154,,UPDATE t_f028_15 SET email=NULL WHERE id=1;
TC421,F029,UPDATE causing UNIQUE violation,Positive,PASS,0.1389518000651151,,UPDATE t_f029_1 SET email='new0@x.test' WHERE id=2;
TC422,F029,UPDATE causing UNIQUE violation,Positive,PASS,0.14917290001176298,,UPDATE t_f029_2 SET email='new1@x.test' WHERE id=2;
TC423,F029,UPDATE causing UNIQUE violation,Positive,PASS,0.14489270001649857,,UPDATE t_f029_3 SET email='new2@x.test' WHERE id=2;
TC424,F029,UPDATE causing UNIQUE violation,Positive,PASS,0.14286920009180903,,UPDATE t_f029_4 SET email='new3@x.test' WHERE id=2;
TC425,F029,UPDATE causing UNIQUE violation,Positive,PASS,0.20523159997537732,,UPDATE t_f029_5 SET email='new4@x.test' WHERE id=2;
TC426,F029,UPDATE causing UNIQUE violation,Negative,PASS,0.13842759979888797,1062 (23000): Duplicate entry 'dupuniq5@x.test' for key 't_f029_6.email',UPDATE t_f029_6 SET email='dupuniq5@x.test' WHERE id=2;
TC427,F029,UPDATE causing UNIQUE violation,Negative,PASS,0.13763550017029047,1062 (23000): Duplicate entry 'dupuniq6@x.test' for key 't_f029_7.email',UPDATE t_f029_7 SET email='dupuniq6@x.test' WHERE id=2;
TC428,F029,UPDATE causing UNIQUE violation,Negative,PASS,0.1401861000340432,1062 (23000): Duplicate entry 'dupuniq7@x.test' for key 't_f029_8.email',UPDATE t_f029_8 SET email='dupuniq7@x.test' WHERE id=2;
TC429,F029,UPDATE causing UNIQUE violation,Negative,PASS,0.12878610007464886,1062 (23000): Duplicate entry 'dupuniq8@x.test' for key 't_f029_9.email',UPDATE t_f029_9 SET email='dupuniq8@x.test' WHERE id=2;
TC430,F029,UPDATE causing UNIQUE violation,Negative,PASS,0.17455100012011826,1062 (23000): Duplicate entry 'dupuniq9@x.test' for key 't_f029_10.email',UPDATE t_f029_10 SET email='dupuniq9@x.test' WHERE id=2;
TC431,F029,UPDATE causing UNIQUE violation,Edge,PASS,0.20406059990637004,,UPDATE t_f029_11 SET email='new10@x.test' WHERE id=2;
TC432,F029,UPDATE causing UNIQUE violation,Edge,PASS,0.13811579998582602,,UPDATE t_f029_12 SET email='new11@x.test' WHERE id=2;
TC433,F029,UPDATE causing UNIQUE violation,Edge,PASS,0.14295619982294738,,UPDATE t_f029_13 SET email='new12@x.test' WHERE id=2;
TC434,F029,UPDATE causing UNIQUE violation,Edge,PASS,0.14436720008961856,,UPDATE t_f029_14 SET email='new13@x.test' WHERE id=2;
TC435,F029,UPDATE causing UNIQUE violation,Edge,PASS,0.15149220009334385,,UPDATE t_f029_15 SET email='new14@x.test' WHERE id=2;
TC436,F030,UPDATE causing FOREIGN KEY violation,Positive,PASS,0.18042650003917515,,UPDATE t_f030_1_child SET parent_id=1 WHERE id=10;
TC437,F030,UPDATE causing FOREIGN KEY violation,Positive,PASS,0.24355900008231401,,UPDATE t_f030_2_child SET parent_id=1 WHERE id=10;
TC438,F030,UPDATE causing FOREIGN KEY violation,Positive,PASS,0.20611999998800457,,UPDATE t_f030_3_child SET parent_id=1 WHERE id=10;
TC439,F030,UPDATE causing FOREIGN KEY violation,Positive,PASS,0.17316830018535256,,UPDATE t_f030_4_child SET parent_id=1 WHERE id=10;
TC440,F030,UPDATE causing FOREIGN KEY violation,Positive,PASS,0.16452710004523396,,UPDATE t_f030_5_child SET parent_id=1 WHERE id=10;
TC441,F030,UPDATE causing FOREIGN KEY violation,Negative,PASS,0.21359970001503825,"1452 (23000): Cannot add or update a child row: a foreign key constraint fails (`ai_testing_group1`.`t_f030_6_child`, CONSTRAINT `t_f030_6_child_ibfk_1` FOREIGN KEY (`parent_id`) REFERENCES `t_f030_6_parent` (`id`))",UPDATE t_f030_6_child SET parent_id=999999 WHERE id=10;
TC442,F030,UPDATE causing FOREIGN KEY violation,Negative,PASS,0.23742339992895722,"1452 (23000): Cannot add or update a child row: a foreign key constraint fails (`ai_testing_group1`.`t_f030_7_child`, CONSTRAINT `t_f030_7_child_ibfk_1` FOREIGN KEY (`parent_id`) REFERENCES `t_f030_7_parent` (`id`))",UPDATE t_f030_7_child SET parent_id=999999 WHERE id=10;
TC443,F030,UPDATE causing FOREIGN KEY violation,Negative,PASS,0.19535140017978847,"1452 (23000): Cannot add or update a child row: a foreign key constraint fails (`ai_testing_group1`.`t_f030_8_child`, CONSTRAINT `t_f030_8_child_ibfk_1` FOREIGN KEY (`parent_id`) REFERENCES `t_f030_8_parent` (`id`))",UPDATE t_f030_8_child SET parent_id=999999 WHERE id=10;
TC444,F030,UPDATE causing FOREIGN KEY violation,Negative,PASS,0.15930559998378158,"1452 (23000): Cannot add or update a child row: a foreign key constraint fails (`ai_testing_group1`.`t_f030_9_child`, CONSTRAINT `t_f030_9_child_ibfk_1` FOREIGN KEY (`parent_id`) REFERENCES `t_f030_9_parent` (`id`))",UPDATE t_f030_9_child SET parent_id=999999 WHERE id=10;
TC445,F030,UPDATE causing FOREIGN KEY violation,Negative,PASS,0.19127859990112484,"1452 (23000): Cannot add or update a child row: a foreign key constraint fails (`ai_testing_group1`.`t_f030_10_child`, CONSTRAINT `t_f030_10_child_ibfk_1` FOREIGN KEY (`parent_id`) REFERENCES `t_f030_10_parent` (`id`))",UPDATE t_f030_10_child SET parent_id=999999 WHERE id=10;
TC446,F030,UPDATE causing FOREIGN KEY violation,Edge,PASS,0.19542880007065833,"1452 (23000): Cannot add or update a child row: a foreign key constraint fails (`ai_testing_group1`.`t_f030_11_child`, CONSTRAINT `t_f030_11_child_ibfk_1` FOREIGN KEY (`parent_id`) REFERENCES `t_f030_11_parent` (`id`))",UPDATE t_f030_11_child SET parent_id=99999 WHERE id=10;
TC447,F030,UPDATE causing FOREIGN KEY violation,Edge,PASS,0.22554480005055666,"1452 (23000): Cannot add or update a child row: a foreign key constraint fails (`ai_testing_group1`.`t_f030_12_child`, CONSTRAINT `t_f030_12_child_ibfk_1` FOREIGN KEY (`parent_id`) REFERENCES `t_f030_12_parent` (`id`))",UPDATE t_f030_12_child SET parent_id=99999 WHERE id=10;
TC448,F030,UPDATE causing FOREIGN KEY violation,Edge,PASS,0.2333515000063926,"1452 (23000): Cannot add or update a child row: a foreign key constraint fails (`ai_testing_group1`.`t_f030_13_child`, CONSTRAINT `t_f030_13_child_ibfk_1` FOREIGN KEY (`parent_id`) REFERENCES `t_f030_13_parent` (`id`))",UPDATE t_f030_13_child SET parent_id=99999 WHERE id=10;
TC449,F030,UPDATE causing FOREIGN KEY violation,Edge,PASS,0.21489240019582212,"1452 (23000): Cannot add or update a child row: a foreign key constraint fails (`ai_testing_group1`.`t_f030_14_child`, CONSTRAINT `t_f030_14_child_ibfk_1` FOREIGN KEY (`parent_id`) REFERENCES `t_f030_14_parent` (`id`))",UPDATE t_f030_14_child SET parent_id=99999 WHERE id=10;
TC450,F030,UPDATE causing FOREIGN KEY violation,Edge,PASS,0.19550330005586147,"1452 (23000): Cannot add or update a child row: a foreign key constraint fails (`ai_testing_group1`.`t_f030_15_child`, CONSTRAINT `t_f030_15_child_ibfk_1` FOREIGN KEY (`parent_id`) REFERENCES `t_f030_15_parent` (`id`))",UPDATE t_f030_15_child SET parent_id=99999 WHERE id=10;
TC451,F031,DELETE single row,Positive,PASS,0.14531320007517934,,DELETE FROM t_f031_1 WHERE id=1;
TC452,F031,DELETE single row,Positive,PASS,0.1449826001189649,,DELETE FROM t_f031_2 WHERE id=1;
TC453,F031,DELETE single row,Positive,PASS,0.1754689000081271,,DELETE FROM t_f031_3 WHERE id=1;
TC454,F031,DELETE single row,Positive,PASS,0.1448417000938207,,DELETE FROM t_f031_4 WHERE id=1;
TC455,F031,DELETE single row,Positive,PASS,0.13988470006734133,,DELETE FROM t_f031_5 WHERE id=1;
TC456,F031,DELETE single row,Negative,PASS,0.13869469985365868,,DELETE FROM t_f031_6 WHERE id=999999;
TC457,F031,DELETE single row,Negative,PASS,0.1375179998576641,,DELETE FROM t_f031_7 WHERE id=999999;
TC458,F031,DELETE single row,Negative,PASS,0.1333570999559015,,DELETE FROM t_f031_8 WHERE id=999999;
TC459,F031,DELETE single row,Negative,PASS,0.13146420009434223,,DELETE FROM t_f031_9 WHERE id=999999;
TC460,F031,DELETE single row,Negative,PASS,0.19644930004142225,,DELETE FROM t_f031_10 WHERE id=999999;
TC461,F031,DELETE single row,Edge,PASS,0.14852110017091036,,DELETE FROM t_f031_11 WHERE id = 999999;
TC462,F031,DELETE single row,Edge,PASS,0.1045827001798898,,DELETE FROM t_f031_12 WHERE id = 999999;
TC463,F031,DELETE single row,Edge,PASS,0.1315263998694718,,DELETE FROM t_f031_13 WHERE id = 999999;
TC464,F031,DELETE single row,Edge,PASS,0.1316827000118792,,DELETE FROM t_f031_14 WHERE id = 999999;
TC465,F031,DELETE single row,Edge,PASS,0.13228729995898902,,DELETE FROM t_f031_15 WHERE id = 999999;
TC466,F032,DELETE multiple rows,Positive,PASS,0.14571120007894933,,"DELETE FROM t_f032_1 WHERE id IN (1,2);"
TC467,F032,DELETE multiple rows,Positive,PASS,0.2144745998084545,,"DELETE FROM t_f032_2 WHERE id IN (1,2);"
TC468,F032,DELETE multiple rows,Positive,PASS,0.13934769993647933,,"DELETE FROM t_f032_3 WHERE id IN (1,2);"
TC469,F032,DELETE multiple rows,Positive,PASS,0.14499409985728562,,"DELETE FROM t_f032_4 WHERE id IN (1,2);"
TC470,F032,DELETE multiple rows,Positive,PASS,0.13853860017843544,,"DELETE FROM t_f032_5 WHERE id IN (1,2);"
TC471,F032,DELETE multiple rows,Negative,PASS,0.13584189978428185,1054 (42S22): Unknown column 'missing_col' in 'where clause',"DELETE FROM t_f032_6 WHERE missing_col IN (1,2);"
TC472,F032,DELETE multiple rows,Negative,PASS,0.11205600015819073,1054 (42S22): Unknown column 'missing_col' in 'where clause',"DELETE FROM t_f032_7 WHERE missing_col IN (1,2);"
TC473,F032,DELETE multiple rows,Negative,PASS,0.11910489993169904,1054 (42S22): Unknown column 'missing_col' in 'where clause',"DELETE FROM t_f032_8 WHERE missing_col IN (1,2);"
TC474,F032,DELETE multiple rows,Negative,PASS,0.17470550001598895,1054 (42S22): Unknown column 'missing_col' in 'where clause',"DELETE FROM t_f032_9 WHERE missing_col IN (1,2);"
TC475,F032,DELETE multiple rows,Negative,PASS,0.13300329982303083,1054 (42S22): Unknown column 'missing_col' in 'where clause',"DELETE FROM t_f032_10 WHERE missing_col IN (1,2);"
TC476,F032,DELETE multiple rows,Edge,PASS,0.21880659996531904,,DELETE FROM t_f032_11 WHERE id = 999999;
TC477,F032,DELETE multiple rows,Edge,PASS,0.12011869996786118,,DELETE FROM t_f032_12 WHERE id = 999999;
TC478,F032,DELETE multiple rows,Edge,PASS,0.1298418000806123,,DELETE FROM t_f032_13 WHERE id = 999999;
TC479,F032,DELETE multiple rows,Edge,PASS,0.13078129990026355,,DELETE FROM t_f032_14 WHERE id = 999999;
TC480,F032,DELETE multiple rows,Edge,PASS,0.1442408999428153,,DELETE FROM t_f032_15 WHERE id = 999999;
TC481,F033,DELETE using WHERE,Positive,PASS,0.2067855999339372,,DELETE FROM t_f033_1 WHERE age >= 30;
TC482,F033,DELETE using WHERE,Positive,PASS,0.14741960004903376,,DELETE FROM t_f033_2 WHERE age >= 30;
TC483,F033,DELETE using WHERE,Positive,PASS,0.14286640007048845,,DELETE FROM t_f033_3 WHERE age >= 30;
TC484,F033,DELETE using WHERE,Positive,PASS,0.15480230003595352,,DELETE FROM t_f033_4 WHERE age >= 30;
TC485,F033,DELETE using WHERE,Positive,PASS,0.14515820005908608,,DELETE FROM t_f033_5 WHERE age >= 30;
TC486,F033,DELETE using WHERE,Negative,PASS,0.1357829999178648,1054 (42S22): Unknown column 'unknown_col' in 'where clause',DELETE FROM t_f033_6 WHERE unknown_col=1;
TC487,F033,DELETE using WHERE,Negative,PASS,0.19095869990997016,1054 (42S22): Unknown column 'unknown_col' in 'where clause',DELETE FROM t_f033_7 WHERE unknown_col=1;
TC488,F033,DELETE using WHERE,Negative,PASS,0.13449089997448027,1054 (42S22): Unknown column 'unknown_col' in 'where clause',DELETE FROM t_f033_8 WHERE unknown_col=1;
TC489,F033,DELETE using WHERE,Negative,PASS,0.14005449996329844,1054 (42S22): Unknown column 'unknown_col' in 'where clause',DELETE FROM t_f033_9 WHERE unknown_col=1;
TC490,F033,DELETE using WHERE,Negative,PASS,0.14747329987585545,1054 (42S22): Unknown column 'unknown_col' in 'where clause',DELETE FROM t_f033_10 WHERE unknown_col=1;
TC491,F033,DELETE using WHERE,Edge,PASS,0.12671390012837946,,DELETE FROM t_f033_11 WHERE id = 999999;
TC492,F033,DELETE using WHERE,Edge,PASS,0.14043449983000755,,DELETE FROM t_f033_12 WHERE id = 999999;
TC493,F033,DELETE using WHERE,Edge,PASS,0.1298692999407649,,DELETE FROM t_f033_13 WHERE id = 999999;
TC494,F033,DELETE using WHERE,Edge,PASS,0.2321676998399198,,DELETE FROM t_f033_14 WHERE id = 999999;
TC495,F033,DELETE using WHERE,Edge,PASS,0.14435629989020526,,DELETE FROM t_f033_15 WHERE id = 999999;
TC496,F034,DELETE without WHERE,Positive,PASS,0.12935709999874234,,DELETE FROM t_f034_1;
TC497,F034,DELETE without WHERE,Positive,PASS,0.147999000037089,,DELETE FROM t_f034_2;
TC498,F034,DELETE without WHERE,Positive,PASS,0.1352099000941962,,DELETE FROM t_f034_3;
TC499,F034,DELETE without WHERE,Positive,PASS,0.11674670013599098,,DELETE FROM t_f034_4;
TC500,F034,DELETE without WHERE,Positive,PASS,0.12866299995221198,,DELETE FROM t_f034_5;
TC501,F034,DELETE without WHERE,Negative,PASS,0.15570589993149042,1054 (42S22): Unknown column 'missing_col' in 'where clause',DELETE FROM t_f034_6 WHERE missing_col=1;
TC502,F034,DELETE without WHERE,Negative,PASS,0.12211970007047057,1054 (42S22): Unknown column 'missing_col' in 'where clause',DELETE FROM t_f034_7 WHERE missing_col=1;
TC503,F034,DELETE without WHERE,Negative,PASS,0.12004459998570383,1054 (42S22): Unknown column 'missing_col' in 'where clause',DELETE FROM t_f034_8 WHERE missing_col=1;
TC504,F034,DELETE without WHERE,Negative,PASS,0.17218629992567003,1054 (42S22): Unknown column 'missing_col' in 'where clause',DELETE FROM t_f034_9 WHERE missing_col=1;
TC505,F034,DELETE without WHERE,Negative,PASS,0.10633579990826547,1054 (42S22): Unknown column 'missing_col' in 'where clause',DELETE FROM t_f034_10 WHERE missing_col=1;
TC506,F034,DELETE without WHERE,Edge,PASS,0.11676420015282929,,DELETE FROM t_f034_11 WHERE id = 999999;
TC507,F034,DELETE without WHERE,Edge,PASS,0.12571860011667013,,DELETE FROM t_f034_12 WHERE id = 999999;
TC508,F034,DELETE without WHERE,Edge,PASS,0.16499469988048077,,DELETE FROM t_f034_13 WHERE id = 999999;
TC509,F034,DELETE without WHERE,Edge,PASS,0.16895020008087158,,DELETE FROM t_f034_14 WHERE id = 999999;
TC510,F034,DELETE without WHERE,Edge,PASS,0.1281514000147581,,DELETE FROM t_f034_15 WHERE id = 999999;
TC511,F035,DELETE using multiple conditions,Positive,PASS,0.13802090007811785,,DELETE FROM t_f035_1 WHERE age >= 30 AND salary >= 40000;
TC512,F035,DELETE using multiple conditions,Positive,PASS,0.13066590018570423,,DELETE FROM t_f035_2 WHERE age >= 30 AND salary >= 40000;
TC513,F035,DELETE using multiple conditions,Positive,PASS,0.15054069994948804,,DELETE FROM t_f035_3 WHERE age >= 30 AND salary >= 40000;
TC514,F035,DELETE using multiple conditions,Positive,PASS,0.15677900006994605,,DELETE FROM t_f035_4 WHERE age >= 30 AND salary >= 40000;
TC515,F035,DELETE using multiple conditions,Positive,PASS,0.22256060014478862,,DELETE FROM t_f035_5 WHERE age >= 30 AND salary >= 40000;
TC516,F035,DELETE using multiple conditions,Negative,PASS,0.1302833000663668,1054 (42S22): Unknown column 'missing_col' in 'where clause',DELETE FROM t_f035_6 WHERE age >= 30 AND missing_col=1;
TC517,F035,DELETE using multiple conditions,Negative,PASS,0.1253933000843972,1054 (42S22): Unknown column 'missing_col' in 'where clause',DELETE FROM t_f035_7 WHERE age >= 30 AND missing_col=1;
TC518,F035,DELETE using multiple conditions,Negative,PASS,0.1296850999351591,1054 (42S22): Unknown column 'missing_col' in 'where clause',DELETE FROM t_f035_8 WHERE age >= 30 AND missing_col=1;
TC519,F035,DELETE using multiple conditions,Negative,PASS,0.14425839995965362,1054 (42S22): Unknown column 'missing_col' in 'where clause',DELETE FROM t_f035_9 WHERE age >= 30 AND missing_col=1;
TC520,F035,DELETE using multiple conditions,Negative,PASS,0.13627399993129075,1054 (42S22): Unknown column 'missing_col' in 'where clause',DELETE FROM t_f035_10 WHERE age >= 30 AND missing_col=1;
TC521,F035,DELETE using multiple conditions,Edge,PASS,0.15054439986124635,,DELETE FROM t_f035_11 WHERE id = 999999;
TC522,F035,DELETE using multiple conditions,Edge,PASS,0.16362680005840957,,DELETE FROM t_f035_12 WHERE id = 999999;
TC523,F035,DELETE using multiple conditions,Edge,PASS,0.13146479986608028,,DELETE FROM t_f035_13 WHERE id = 999999;
TC524,F035,DELETE using multiple conditions,Edge,PASS,0.13846329995431006,,DELETE FROM t_f035_14 WHERE id = 999999;
TC525,F035,DELETE using multiple conditions,Edge,PASS,0.130233199801296,,DELETE FROM t_f035_15 WHERE id = 999999;
TC526,F036,DELETE using IN,Positive,PASS,0.1482448000460863,,"DELETE FROM t_f036_1 WHERE id IN (1,3);"
TC527,F036,DELETE using IN,Positive,PASS,0.1395880999043584,,"DELETE FROM t_f036_2 WHERE id IN (1,3);"
TC528,F036,DELETE using IN,Positive,PASS,0.1327984998933971,,"DELETE FROM t_f036_3 WHERE id IN (1,3);"
TC529,F036,DELETE using IN,Positive,PASS,0.2076816998887807,,"DELETE FROM t_f036_4 WHERE id IN (1,3);"
TC530,F036,DELETE using IN,Positive,PASS,0.1660216001328081,,"DELETE FROM t_f036_5 WHERE id IN (1,3);"
TC531,F036,DELETE using IN,Negative,PASS,0.1345779998227954,1054 (42S22): Unknown column 'missing_col' in 'field list',DELETE FROM t_f036_6 WHERE id IN (SELECT missing_col FROM t_f036_6);
TC532,F036,DELETE using IN,Negative,PASS,0.11526769981719553,1054 (42S22): Unknown column 'missing_col' in 'field list',DELETE FROM t_f036_7 WHERE id IN (SELECT missing_col FROM t_f036_7);
TC533,F036,DELETE using IN,Negative,PASS,0.14087919984012842,1054 (42S22): Unknown column 'missing_col' in 'field list',DELETE FROM t_f036_8 WHERE id IN (SELECT missing_col FROM t_f036_8);
TC534,F036,DELETE using IN,Negative,PASS,0.13278189999982715,1054 (42S22): Unknown column 'missing_col' in 'field list',DELETE FROM t_f036_9 WHERE id IN (SELECT missing_col FROM t_f036_9);
TC535,F036,DELETE using IN,Negative,PASS,0.13426119997166097,1054 (42S22): Unknown column 'missing_col' in 'field list',DELETE FROM t_f036_10 WHERE id IN (SELECT missing_col FROM t_f036_10);
TC536,F036,DELETE using IN,Edge,PASS,0.18406949983909726,,DELETE FROM t_f036_11 WHERE id = 999999;
TC537,F036,DELETE using IN,Edge,PASS,0.14163180021569133,,DELETE FROM t_f036_12 WHERE id = 999999;
TC538,F036,DELETE using IN,Edge,PASS,0.14146830001845956,,DELETE FROM t_f036_13 WHERE id = 999999;
TC539,F036,DELETE using IN,Edge,PASS,0.1481065999250859,,DELETE FROM t_f036_14 WHERE id = 999999;
TC540,F036,DELETE using IN,Edge,PASS,0.13784409989602864,,DELETE FROM t_f036_15 WHERE id = 999999;
TC541,F037,DELETE using BETWEEN,Positive,PASS,0.14760660007596016,,DELETE FROM t_f037_1 WHERE age BETWEEN 25 AND 30;
TC542,F037,DELETE using BETWEEN,Positive,PASS,0.17375259986147285,,DELETE FROM t_f037_2 WHERE age BETWEEN 25 AND 30;
TC543,F037,DELETE using BETWEEN,Positive,PASS,0.17202290007844567,,DELETE FROM t_f037_3 WHERE age BETWEEN 25 AND 30;
TC544,F037,DELETE using BETWEEN,Positive,PASS,0.1316552001517266,,DELETE FROM t_f037_4 WHERE age BETWEEN 25 AND 30;
TC545,F037,DELETE using BETWEEN,Positive,PASS,0.15541510004550219,,DELETE FROM t_f037_5 WHERE age BETWEEN 25 AND 30;
TC546,F037,DELETE using BETWEEN,Negative,PASS,0.12367919995449483,1054 (42S22): Unknown column 'missing_col' in 'where clause',DELETE FROM t_f037_6 WHERE age BETWEEN missing_col AND 30;
TC547,F037,DELETE using BETWEEN,Negative,PASS,0.13211430003866553,1054 (42S22): Unknown column 'missing_col' in 'where clause',DELETE FROM t_f037_7 WHERE age BETWEEN missing_col AND 30;
TC548,F037,DELETE using BETWEEN,Negative,PASS,0.11914059985429049,1054 (42S22): Unknown column 'missing_col' in 'where clause',DELETE FROM t_f037_8 WHERE age BETWEEN missing_col AND 30;
TC549,F037,DELETE using BETWEEN,Negative,PASS,0.14827680005691946,1054 (42S22): Unknown column 'missing_col' in 'where clause',DELETE FROM t_f037_9 WHERE age BETWEEN missing_col AND 30;
TC550,F037,DELETE using BETWEEN,Negative,PASS,0.21144609991461039,1054 (42S22): Unknown column 'missing_col' in 'where clause',DELETE FROM t_f037_10 WHERE age BETWEEN missing_col AND 30;
TC551,F037,DELETE using BETWEEN,Edge,PASS,0.1264214999973774,,DELETE FROM t_f037_11 WHERE id = 999999;
TC552,F037,DELETE using BETWEEN,Edge,PASS,0.13892389996908605,,DELETE FROM t_f037_12 WHERE id = 999999;
TC553,F037,DELETE using BETWEEN,Edge,PASS,0.1429630999919027,,DELETE FROM t_f037_13 WHERE id = 999999;
TC554,F037,DELETE using BETWEEN,Edge,PASS,0.11716120014898479,,DELETE FROM t_f037_14 WHERE id = 999999;
TC555,F037,DELETE using BETWEEN,Edge,PASS,0.14075709995813668,,DELETE FROM t_f037_15 WHERE id = 999999;
TC556,F038,DELETE parent row with dependent child,Positive,PASS,0.2865097001194954,,DELETE FROM t_f038_1_child WHERE id=10;
TC557,F038,DELETE parent row with dependent child,Positive,PASS,0.21878899983130395,,DELETE FROM t_f038_2_child WHERE id=10;
TC558,F038,DELETE parent row with dependent child,Positive,PASS,0.1875148001126945,,DELETE FROM t_f038_3_child WHERE id=10;
TC559,F038,DELETE parent row with dependent child,Positive,PASS,0.209998199949041,,DELETE FROM t_f038_4_child WHERE id=10;
TC560,F038,DELETE parent row with dependent child,Positive,PASS,0.20652030012570322,,DELETE FROM t_f038_5_child WHERE id=10;
TC561,F038,DELETE parent row with dependent child,Negative,PASS,0.25897590001113713,"1451 (23000): Cannot delete or update a parent row: a foreign key constraint fails (`ai_testing_group1`.`t_f038_6_child`, CONSTRAINT `t_f038_6_child_ibfk_1` FOREIGN KEY (`parent_id`) REFERENCES `t_f038_6_parent` (`id`))",DELETE FROM t_f038_6_parent WHERE id=1;
TC562,F038,DELETE parent row with dependent child,Negative,PASS,0.19710209988988936,"1451 (23000): Cannot delete or update a parent row: a foreign key constraint fails (`ai_testing_group1`.`t_f038_7_child`, CONSTRAINT `t_f038_7_child_ibfk_1` FOREIGN KEY (`parent_id`) REFERENCES `t_f038_7_parent` (`id`))",DELETE FROM t_f038_7_parent WHERE id=1;
TC563,F038,DELETE parent row with dependent child,Negative,PASS,0.19044969999231398,"1451 (23000): Cannot delete or update a parent row: a foreign key constraint fails (`ai_testing_group1`.`t_f038_8_child`, CONSTRAINT `t_f038_8_child_ibfk_1` FOREIGN KEY (`parent_id`) REFERENCES `t_f038_8_parent` (`id`))",DELETE FROM t_f038_8_parent WHERE id=1;
TC564,F038,DELETE parent row with dependent child,Negative,PASS,0.20063059986568987,"1451 (23000): Cannot delete or update a parent row: a foreign key constraint fails (`ai_testing_group1`.`t_f038_9_child`, CONSTRAINT `t_f038_9_child_ibfk_1` FOREIGN KEY (`parent_id`) REFERENCES `t_f038_9_parent` (`id`))",DELETE FROM t_f038_9_parent WHERE id=1;
TC565,F038,DELETE parent row with dependent child,Negative,PASS,0.20397899998351932,"1451 (23000): Cannot delete or update a parent row: a foreign key constraint fails (`ai_testing_group1`.`t_f038_10_child`, CONSTRAINT `t_f038_10_child_ibfk_1` FOREIGN KEY (`parent_id`) REFERENCES `t_f038_10_parent` (`id`))",DELETE FROM t_f038_10_parent WHERE id=1;
TC566,F038,DELETE parent row with dependent child,Edge,PASS,0.23153440002352,"1451 (23000): Cannot delete or update a parent row: a foreign key constraint fails (`ai_testing_group1`.`t_f038_11_child`, CONSTRAINT `t_f038_11_child_ibfk_1` FOREIGN KEY (`parent_id`) REFERENCES `t_f038_11_parent` (`id`))",DELETE FROM t_f038_11_parent WHERE id=1;
TC567,F038,DELETE parent row with dependent child,Edge,PASS,0.18171100015752017,"1451 (23000): Cannot delete or update a parent row: a foreign key constraint fails (`ai_testing_group1`.`t_f038_12_child`, CONSTRAINT `t_f038_12_child_ibfk_1` FOREIGN KEY (`parent_id`) REFERENCES `t_f038_12_parent` (`id`))",DELETE FROM t_f038_12_parent WHERE id=1;
TC568,F038,DELETE parent row with dependent child,Edge,PASS,0.21263399999588728,"1451 (23000): Cannot delete or update a parent row: a foreign key constraint fails (`ai_testing_group1`.`t_f038_13_child`, CONSTRAINT `t_f038_13_child_ibfk_1` FOREIGN KEY (`parent_id`) REFERENCES `t_f038_13_parent` (`id`))",DELETE FROM t_f038_13_parent WHERE id=1;
TC569,F038,DELETE parent row with dependent child,Edge,PASS,0.20393029996193945,"1451 (23000): Cannot delete or update a parent row: a foreign key constraint fails (`ai_testing_group1`.`t_f038_14_child`, CONSTRAINT `t_f038_14_child_ibfk_1` FOREIGN KEY (`parent_id`) REFERENCES `t_f038_14_parent` (`id`))",DELETE FROM t_f038_14_parent WHERE id=1;
TC570,F038,DELETE parent row with dependent child,Edge,PASS,0.27102330001071095,"1451 (23000): Cannot delete or update a parent row: a foreign key constraint fails (`ai_testing_group1`.`t_f038_15_child`, CONSTRAINT `t_f038_15_child_ibfk_1` FOREIGN KEY (`parent_id`) REFERENCES `t_f038_15_parent` (`id`))",DELETE FROM t_f038_15_parent WHERE id=1;
TC571,F039,DELETE non-existing row,Positive,PASS,0.15431200014427304,,DELETE FROM t_f039_1 WHERE id=999999;
TC572,F039,DELETE non-existing row,Positive,PASS,0.11178839998319745,,DELETE FROM t_f039_2 WHERE id=999999;
TC573,F039,DELETE non-existing row,Positive,PASS,0.13596830004826188,,DELETE FROM t_f039_3 WHERE id=999999;
TC574,F039,DELETE non-existing row,Positive,PASS,0.13073319988325238,,DELETE FROM t_f039_4 WHERE id=999999;
TC575,F039,DELETE non-existing row,Positive,PASS,0.1092505999840796,,DELETE FROM t_f039_5 WHERE id=999999;
TC576,F039,DELETE non-existing row,Negative,PASS,0.14200250012800097,1054 (42S22): Unknown column 'missing_col' in 'where clause',DELETE FROM t_f039_6 WHERE missing_col=999999;
TC577,F039,DELETE non-existing row,Negative,PASS,0.19290699996054173,1054 (42S22): Unknown column 'missing_col' in 'where clause',DELETE FROM t_f039_7 WHERE missing_col=999999;
TC578,F039,DELETE non-existing row,Negative,PASS,0.18667399999685585,1054 (42S22): Unknown column 'missing_col' in 'where clause',DELETE FROM t_f039_8 WHERE missing_col=999999;
TC579,F039,DELETE non-existing row,Negative,PASS,0.14839149988256395,1054 (42S22): Unknown column 'missing_col' in 'where clause',DELETE FROM t_f039_9 WHERE missing_col=999999;
TC580,F039,DELETE non-existing row,Negative,PASS,0.13478270010091364,1054 (42S22): Unknown column 'missing_col' in 'where clause',DELETE FROM t_f039_10 WHERE missing_col=999999;
TC581,F039,DELETE non-existing row,Edge,PASS,0.12202370003797114,,DELETE FROM t_f039_11 WHERE id = 999999;
TC582,F039,DELETE non-existing row,Edge,PASS,0.13117449986748397,,DELETE FROM t_f039_12 WHERE id = 999999;
TC583,F039,DELETE non-existing row,Edge,PASS,0.12150230002589524,,DELETE FROM t_f039_13 WHERE id = 999999;
TC584,F039,DELETE non-existing row,Edge,PASS,0.14910619985312223,,DELETE FROM t_f039_14 WHERE id = 999999;
TC585,F039,DELETE non-existing row,Edge,PASS,0.16668289992958307,,DELETE FROM t_f039_15 WHERE id = 999999;
TC586,F040,DELETE all rows,Positive,PASS,0.12685779994353652,,DELETE FROM t_f040_1;
TC587,F040,DELETE all rows,Positive,PASS,0.11575470003299415,,DELETE FROM t_f040_2;
TC588,F040,DELETE all rows,Positive,PASS,0.128321300027892,,DELETE FROM t_f040_3;
TC589,F040,DELETE all rows,Positive,PASS,0.1472440001089126,,DELETE FROM t_f040_4;
TC590,F040,DELETE all rows,Positive,PASS,0.12258960003964603,,DELETE FROM t_f040_5;
TC591,F040,DELETE all rows,Negative,PASS,0.12287469999864697,1054 (42S22): Unknown column 'missing_col' in 'where clause',DELETE FROM t_f040_6 WHERE missing_col IS NULL;
TC592,F040,DELETE all rows,Negative,PASS,0.18456429988145828,1054 (42S22): Unknown column 'missing_col' in 'where clause',DELETE FROM t_f040_7 WHERE missing_col IS NULL;
TC593,F040,DELETE all rows,Negative,PASS,0.11293440009467304,1054 (42S22): Unknown column 'missing_col' in 'where clause',DELETE FROM t_f040_8 WHERE missing_col IS NULL;
TC594,F040,DELETE all rows,Negative,PASS,0.1060510000679642,1054 (42S22): Unknown column 'missing_col' in 'where clause',DELETE FROM t_f040_9 WHERE missing_col IS NULL;
TC595,F040,DELETE all rows,Negative,PASS,0.1063945998903364,1054 (42S22): Unknown column 'missing_col' in 'where clause',DELETE FROM t_f040_10 WHERE missing_col IS NULL;
TC596,F040,DELETE all rows,Edge,PASS,0.1495672999881208,,DELETE FROM t_f040_11 WHERE id = 999999;
TC597,F040,DELETE all rows,Edge,PASS,0.12070249998942018,,DELETE FROM t_f040_12 WHERE id = 999999;
TC598,F040,DELETE all rows,Edge,PASS,0.13155109994113445,,DELETE FROM t_f040_13 WHERE id = 999999;
TC599,F040,DELETE all rows,Edge,PASS,0.13926100009121,,DELETE FROM t_f040_14 WHERE id = 999999;
TC600,F040,DELETE all rows,Edge,PASS,0.15471459995023906,,DELETE FROM t_f040_15 WHERE id = 999999;
TC601,F041,SELECT all columns,Positive,PASS,0.15465470007620752,,SELECT * FROM t_f041_1;
TC602,F041,SELECT all columns,Positive,PASS,0.1541653999593109,,SELECT * FROM t_f041_2;
TC603,F041,SELECT all columns,Positive,PASS,0.16579229990020394,,SELECT * FROM t_f041_3;
TC604,F041,SELECT all columns,Positive,PASS,0.1358843999914825,,SELECT * FROM t_f041_4;
TC605,F041,SELECT all columns,Positive,PASS,0.13164109992794693,,SELECT * FROM t_f041_5;
TC606,F041,SELECT all columns,Negative,PASS,0.14968819986097515,1146 (42S02): Table 'ai_testing_group1.missing_t_f041_6' doesn't exist,SELECT * FROM missing_t_f041_6;
TC607,F041,SELECT all columns,Negative,PASS,0.16723750019446015,1146 (42S02): Table 'ai_testing_group1.missing_t_f041_7' doesn't exist,SELECT * FROM missing_t_f041_7;
TC608,F041,SELECT all columns,Negative,PASS,0.1450411998666823,1146 (42S02): Table 'ai_testing_group1.missing_t_f041_8' doesn't exist,SELECT * FROM missing_t_f041_8;
TC609,F041,SELECT all columns,Negative,PASS,0.13301829993724823,1146 (42S02): Table 'ai_testing_group1.missing_t_f041_9' doesn't exist,SELECT * FROM missing_t_f041_9;
TC610,F041,SELECT all columns,Negative,PASS,0.12964550009928644,1146 (42S02): Table 'ai_testing_group1.missing_t_f041_10' doesn't exist,SELECT * FROM missing_t_f041_10;
TC611,F041,SELECT all columns,Edge,PASS,0.13844959996640682,,SELECT * FROM t_f041_11 LIMIT 100;
TC612,F041,SELECT all columns,Edge,PASS,0.14217620017006993,,SELECT * FROM t_f041_12 LIMIT 100;
TC613,F041,SELECT all columns,Edge,PASS,0.21008329978212714,,SELECT * FROM t_f041_13 LIMIT 100;
TC614,F041,SELECT all columns,Edge,PASS,0.1446697001811117,,SELECT * FROM t_f041_14 LIMIT 100;
TC615,F041,SELECT all columns,Edge,PASS,0.16930669988505542,,SELECT * FROM t_f041_15 LIMIT 100;
TC616,F042,SELECT specific columns,Positive,PASS,0.11973710008896887,,"SELECT id,name,salary FROM t_f042_1;"
TC617,F042,SELECT specific columns,Positive,PASS,0.14267560001462698,,"SELECT id,name,salary FROM t_f042_2;"
TC618,F042,SELECT specific columns,Positive,PASS,0.12032780004665256,,"SELECT id,name,salary FROM t_f042_3;"
TC619,F042,SELECT specific columns,Positive,PASS,0.11191559978760779,,"SELECT id,name,salary FROM t_f042_4;"
TC620,F042,SELECT specific columns,Positive,PASS,0.20899219997227192,,"SELECT id,name,salary FROM t_f042_5;"
TC621,F042,SELECT specific columns,Negative,PASS,0.12078390014357865,1054 (42S22): Unknown column 'missing_col' in 'field list',"SELECT id,missing_col FROM t_f042_6;"
TC622,F042,SELECT specific columns,Negative,PASS,0.12371059996075928,1054 (42S22): Unknown column 'missing_col' in 'field list',"SELECT id,missing_col FROM t_f042_7;"
TC623,F042,SELECT specific columns,Negative,PASS,0.12548970011994243,1054 (42S22): Unknown column 'missing_col' in 'field list',"SELECT id,missing_col FROM t_f042_8;"
TC624,F042,SELECT specific columns,Negative,PASS,0.13052550004795194,1054 (42S22): Unknown column 'missing_col' in 'field list',"SELECT id,missing_col FROM t_f042_9;"
TC625,F042,SELECT specific columns,Negative,PASS,0.1337129999883473,1054 (42S22): Unknown column 'missing_col' in 'field list',"SELECT id,missing_col FROM t_f042_10;"
TC626,F042,SELECT specific columns,Edge,PASS,0.1133892999496311,,"SELECT id,name,salary FROM t_f042_11 LIMIT 100;"
TC627,F042,SELECT specific columns,Edge,PASS,0.19686889997683465,,"SELECT id,name,salary FROM t_f042_12 LIMIT 100;"
TC628,F042,SELECT specific columns,Edge,PASS,0.13032979983836412,,"SELECT id,name,salary FROM t_f042_13 LIMIT 100;"
TC629,F042,SELECT specific columns,Edge,PASS,0.14047199999913573,,"SELECT id,name,salary FROM t_f042_14 LIMIT 100;"
TC630,F042,SELECT specific columns,Edge,PASS,0.15085530001670122,,"SELECT id,name,salary FROM t_f042_15 LIMIT 100;"
TC631,F043,WHERE clause,Positive,PASS,0.13964199996553361,,SELECT * FROM t_f043_1 WHERE age >= 30;
TC632,F043,WHERE clause,Positive,PASS,0.14792749984189868,,SELECT * FROM t_f043_2 WHERE age >= 30;
TC633,F043,WHERE clause,Positive,PASS,0.13028369983658195,,SELECT * FROM t_f043_3 WHERE age >= 30;
TC634,F043,WHERE clause,Positive,PASS,0.1857717998791486,,SELECT * FROM t_f043_4 WHERE age >= 30;
TC635,F043,WHERE clause,Positive,PASS,0.18202050006948411,,SELECT * FROM t_f043_5 WHERE age >= 30;
TC636,F043,WHERE clause,Negative,PASS,0.14276419999077916,1054 (42S22): Unknown column 'missing_col' in 'where clause',SELECT * FROM t_f043_6 WHERE missing_col=1;
TC637,F043,WHERE clause,Negative,PASS,0.1302158001344651,1054 (42S22): Unknown column 'missing_col' in 'where clause',SELECT * FROM t_f043_7 WHERE missing_col=1;
TC638,F043,WHERE clause,Negative,PASS,0.13666329998522997,1054 (42S22): Unknown column 'missing_col' in 'where clause',SELECT * FROM t_f043_8 WHERE missing_col=1;
TC639,F043,WHERE clause,Negative,PASS,0.1374236000701785,1054 (42S22): Unknown column 'missing_col' in 'where clause',SELECT * FROM t_f043_9 WHERE missing_col=1;
TC640,F043,WHERE clause,Negative,PASS,0.13779189996421337,1054 (42S22): Unknown column 'missing_col' in 'where clause',SELECT * FROM t_f043_10 WHERE missing_col=1;
TC641,F043,WHERE clause,Edge,PASS,0.1989440000616014,,SELECT * FROM t_f043_11 WHERE age >= 30 LIMIT 100;
TC642,F043,WHERE clause,Edge,PASS,0.13976889988407493,,SELECT * FROM t_f043_12 WHERE age >= 30 LIMIT 100;
TC643,F043,WHERE clause,Edge,PASS,0.10816520010121167,,SELECT * FROM t_f043_13 WHERE age >= 30 LIMIT 100;
TC644,F043,WHERE clause,Edge,PASS,0.14119200012646616,,SELECT * FROM t_f043_14 WHERE age >= 30 LIMIT 100;
TC645,F043,WHERE clause,Edge,PASS,0.10447199991904199,,SELECT * FROM t_f043_15 WHERE age >= 30 LIMIT 100;
TC646,F044,AND operator,Positive,PASS,0.1268315000925213,,SELECT * FROM t_f044_1 WHERE age >= 30 AND salary >= 40000;
TC647,F044,AND operator,Positive,PASS,0.1394937001168728,,SELECT * FROM t_f044_2 WHERE age >= 30 AND salary >= 40000;
TC648,F044,AND operator,Positive,PASS,0.16160440002568066,,SELECT * FROM t_f044_3 WHERE age >= 30 AND salary >= 40000;
TC649,F044,AND operator,Positive,PASS,0.14723680005408823,,SELECT * FROM t_f044_4 WHERE age >= 30 AND salary >= 40000;
TC650,F044,AND operator,Positive,PASS,0.1119063999503851,,SELECT * FROM t_f044_5 WHERE age >= 30 AND salary >= 40000;
TC651,F044,AND operator,Negative,PASS,0.12232690001837909,1054 (42S22): Unknown column 'missing_col' in 'where clause',SELECT * FROM t_f044_6 WHERE age >= 30 AND missing_col=1;
TC652,F044,AND operator,Negative,PASS,0.15440039988607168,1054 (42S22): Unknown column 'missing_col' in 'where clause',SELECT * FROM t_f044_7 WHERE age >= 30 AND missing_col=1;
TC653,F044,AND operator,Negative,PASS,0.11401920020580292,1054 (42S22): Unknown column 'missing_col' in 'where clause',SELECT * FROM t_f044_8 WHERE age >= 30 AND missing_col=1;
TC654,F044,AND operator,Negative,PASS,0.11851570010185242,1054 (42S22): Unknown column 'missing_col' in 'where clause',SELECT * FROM t_f044_9 WHERE age >= 30 AND missing_col=1;
TC655,F044,AND operator,Negative,PASS,0.10756319994106889,1054 (42S22): Unknown column 'missing_col' in 'where clause',SELECT * FROM t_f044_10 WHERE age >= 30 AND missing_col=1;
TC656,F044,AND operator,Edge,PASS,0.2783905998803675,,SELECT * FROM t_f044_11 WHERE age >= 30 AND salary >= 40000 LIMIT 100;
TC657,F044,AND operator,Edge,PASS,0.12040070001967251,,SELECT * FROM t_f044_12 WHERE age >= 30 AND salary >= 40000 LIMIT 100;
TC658,F044,AND operator,Edge,PASS,0.13707430008798838,,SELECT * FROM t_f044_13 WHERE age >= 30 AND salary >= 40000 LIMIT 100;
TC659,F044,AND operator,Edge,PASS,0.12066500005312264,,SELECT * FROM t_f044_14 WHERE age >= 30 AND salary >= 40000 LIMIT 100;
TC660,F044,AND operator,Edge,PASS,0.1169425998814404,,SELECT * FROM t_f044_15 WHERE age >= 30 AND salary >= 40000 LIMIT 100;
TC661,F045,OR operator,Positive,PASS,0.12839270010590553,,SELECT * FROM t_f045_1 WHERE age < 30 OR salary > 50000;
TC662,F045,OR operator,Positive,PASS,0.1125180998351425,,SELECT * FROM t_f045_2 WHERE age < 30 OR salary > 50000;
TC663,F045,OR operator,Positive,PASS,0.18330839998088777,,SELECT * FROM t_f045_3 WHERE age < 30 OR salary > 50000;
TC664,F045,OR operator,Positive,PASS,0.11658669984899461,,SELECT * FROM t_f045_4 WHERE age < 30 OR salary > 50000;
TC665,F045,OR operator,Positive,PASS,0.11495900014415383,,SELECT * FROM t_f045_5 WHERE age < 30 OR salary > 50000;
TC666,F045,OR operator,Negative,PASS,0.11326520005241036,1054 (42S22): Unknown column 'missing_col' in 'where clause',SELECT * FROM t_f045_6 WHERE age < 30 OR missing_col > 1;
TC667,F045,OR operator,Negative,PASS,0.11651060008443892,1054 (42S22): Unknown column 'missing_col' in 'where clause',SELECT * FROM t_f045_7 WHERE age < 30 OR missing_col > 1;
TC668,F045,OR operator,Negative,PASS,0.11111109983175993,1054 (42S22): Unknown column 'missing_col' in 'where clause',SELECT * FROM t_f045_8 WHERE age < 30 OR missing_col > 1;
TC669,F045,OR operator,Negative,PASS,0.11224770010448992,1054 (42S22): Unknown column 'missing_col' in 'where clause',SELECT * FROM t_f045_9 WHERE age < 30 OR missing_col > 1;
TC670,F045,OR operator,Negative,PASS,0.11515299999155104,1054 (42S22): Unknown column 'missing_col' in 'where clause',SELECT * FROM t_f045_10 WHERE age < 30 OR missing_col > 1;
TC671,F045,OR operator,Edge,PASS,0.2167265999596566,,SELECT * FROM t_f045_11 WHERE age < 30 OR salary > 50000 LIMIT 100;
TC672,F045,OR operator,Edge,PASS,0.1162694999948144,,SELECT * FROM t_f045_12 WHERE age < 30 OR salary > 50000 LIMIT 100;
TC673,F045,OR operator,Edge,PASS,0.11348009994253516,,SELECT * FROM t_f045_13 WHERE age < 30 OR salary > 50000 LIMIT 100;
TC674,F045,OR operator,Edge,PASS,0.1298487999010831,,SELECT * FROM t_f045_14 WHERE age < 30 OR salary > 50000 LIMIT 100;
TC675,F045,OR operator,Edge,PASS,0.11226129997521639,,SELECT * FROM t_f045_15 WHERE age < 30 OR salary > 50000 LIMIT 100;
TC676,F046,NOT operator,Positive,PASS,0.12278299988247454,,SELECT * FROM t_f046_1 WHERE NOT (age < 30);
TC677,F046,NOT operator,Positive,PASS,0.13597800000570714,,SELECT * FROM t_f046_2 WHERE NOT (age < 30);
TC678,F046,NOT operator,Positive,PASS,0.15994299994781613,,SELECT * FROM t_f046_3 WHERE NOT (age < 30);
TC679,F046,NOT operator,Positive,PASS,0.17455970006994903,,SELECT * FROM t_f046_4 WHERE NOT (age < 30);
TC680,F046,NOT operator,Positive,PASS,0.1235547000542283,,SELECT * FROM t_f046_5 WHERE NOT (age < 30);
TC681,F046,NOT operator,Negative,PASS,0.11832570005208254,1054 (42S22): Unknown column 'missing_col' in 'where clause',SELECT * FROM t_f046_6 WHERE NOT missing_col;
TC682,F046,NOT operator,Negative,PASS,0.11380890011787415,1054 (42S22): Unknown column 'missing_col' in 'where clause',SELECT * FROM t_f046_7 WHERE NOT missing_col;
TC683,F046,NOT operator,Negative,PASS,0.1289309998974204,1054 (42S22): Unknown column 'missing_col' in 'where clause',SELECT * FROM t_f046_8 WHERE NOT missing_col;
TC684,F046,NOT operator,Negative,PASS,0.11539180018007755,1054 (42S22): Unknown column 'missing_col' in 'where clause',SELECT * FROM t_f046_9 WHERE NOT missing_col;
TC685,F046,NOT operator,Negative,PASS,0.10924819996580482,1054 (42S22): Unknown column 'missing_col' in 'where clause',SELECT * FROM t_f046_10 WHERE NOT missing_col;
TC686,F046,NOT operator,Edge,PASS,0.1853544998448342,,SELECT * FROM t_f046_11 WHERE NOT (age < 30) LIMIT 100;
TC687,F046,NOT operator,Edge,PASS,0.11100799986161292,,SELECT * FROM t_f046_12 WHERE NOT (age < 30) LIMIT 100;
TC688,F046,NOT operator,Edge,PASS,0.11904569994658232,,SELECT * FROM t_f046_13 WHERE NOT (age < 30) LIMIT 100;
TC689,F046,NOT operator,Edge,PASS,0.11522419983521104,,SELECT * FROM t_f046_14 WHERE NOT (age < 30) LIMIT 100;
TC690,F046,NOT operator,Edge,PASS,0.12037639995105565,,SELECT * FROM t_f046_15 WHERE NOT (age < 30) LIMIT 100;
TC691,F047,DISTINCT,Positive,PASS,0.12030700012110174,,SELECT DISTINCT dept_id FROM t_f047_1;
TC692,F047,DISTINCT,Positive,PASS,0.11940139997750521,,SELECT DISTINCT dept_id FROM t_f047_2;
TC693,F047,DISTINCT,Positive,PASS,0.11759390006773174,,SELECT DISTINCT dept_id FROM t_f047_3;
TC694,F047,DISTINCT,Positive,PASS,0.20439389999955893,,SELECT DISTINCT dept_id FROM t_f047_4;
TC695,F047,DISTINCT,Positive,PASS,0.13181390007957816,,SELECT DISTINCT dept_id FROM t_f047_5;
TC696,F047,DISTINCT,Negative,PASS,0.1180638000369072,1054 (42S22): Unknown column 'missing_col' in 'field list',SELECT DISTINCT missing_col FROM t_f047_6;
TC697,F047,DISTINCT,Negative,PASS,0.1756164999678731,1054 (42S22): Unknown column 'missing_col' in 'field list',SELECT DISTINCT missing_col FROM t_f047_7;
TC698,F047,DISTINCT,Negative,PASS,0.11739129992201924,1054 (42S22): Unknown column 'missing_col' in 'field list',SELECT DISTINCT missing_col FROM t_f047_8;
TC699,F047,DISTINCT,Negative,PASS,0.12736829998902977,1054 (42S22): Unknown column 'missing_col' in 'field list',SELECT DISTINCT missing_col FROM t_f047_9;
TC700,F047,DISTINCT,Negative,PASS,0.12259089993312955,1054 (42S22): Unknown column 'missing_col' in 'field list',SELECT DISTINCT missing_col FROM t_f047_10;
TC701,F047,DISTINCT,Edge,PASS,0.2914940998889506,,SELECT DISTINCT dept_id FROM t_f047_11 LIMIT 100;
TC702,F047,DISTINCT,Edge,PASS,0.1282806999515742,,SELECT DISTINCT dept_id FROM t_f047_12 LIMIT 100;
TC703,F047,DISTINCT,Edge,PASS,0.1107428998220712,,SELECT DISTINCT dept_id FROM t_f047_13 LIMIT 100;
TC704,F047,DISTINCT,Edge,PASS,0.10915610007941723,,SELECT DISTINCT dept_id FROM t_f047_14 LIMIT 100;
TC705,F047,DISTINCT,Edge,PASS,0.10856460011564195,,SELECT DISTINCT dept_id FROM t_f047_15 LIMIT 100;
TC706,F048,BETWEEN,Positive,PASS,0.10557690006680787,,SELECT * FROM t_f048_1 WHERE age BETWEEN 25 AND 30;
TC707,F048,BETWEEN,Positive,PASS,0.10908660013228655,,SELECT * FROM t_f048_2 WHERE age BETWEEN 25 AND 30;
TC708,F048,BETWEEN,Positive,PASS,0.16411010012961924,,SELECT * FROM t_f048_3 WHERE age BETWEEN 25 AND 30;
TC709,F048,BETWEEN,Positive,PASS,0.12364379991777241,,SELECT * FROM t_f048_4 WHERE age BETWEEN 25 AND 30;
TC710,F048,BETWEEN,Positive,PASS,0.12092379992827773,,SELECT * FROM t_f048_5 WHERE age BETWEEN 25 AND 30;
TC711,F048,BETWEEN,Negative,PASS,0.11459070001728833,1054 (42S22): Unknown column 'missing_col' in 'where clause',SELECT * FROM t_f048_6 WHERE age BETWEEN missing_col AND 30;
TC712,F048,BETWEEN,Negative,PASS,0.11554610007442534,1054 (42S22): Unknown column 'missing_col' in 'where clause',SELECT * FROM t_f048_7 WHERE age BETWEEN missing_col AND 30;
TC713,F048,BETWEEN,Negative,PASS,0.11812480003573,1054 (42S22): Unknown column 'missing_col' in 'where clause',SELECT * FROM t_f048_8 WHERE age BETWEEN missing_col AND 30;
TC714,F048,BETWEEN,Negative,PASS,0.11234659980982542,1054 (42S22): Unknown column 'missing_col' in 'where clause',SELECT * FROM t_f048_9 WHERE age BETWEEN missing_col AND 30;
TC715,F048,BETWEEN,Negative,PASS,0.1013045001309365,1054 (42S22): Unknown column 'missing_col' in 'where clause',SELECT * FROM t_f048_10 WHERE age BETWEEN missing_col AND 30;
TC716,F048,BETWEEN,Edge,PASS,0.1279907999560237,,SELECT * FROM t_f048_11 WHERE age BETWEEN 25 AND 30 LIMIT 100;
TC717,F048,BETWEEN,Edge,PASS,0.14947709999978542,,SELECT * FROM t_f048_12 WHERE age BETWEEN 25 AND 30 LIMIT 100;
TC718,F048,BETWEEN,Edge,PASS,0.1112636998295784,,SELECT * FROM t_f048_13 WHERE age BETWEEN 25 AND 30 LIMIT 100;
TC719,F048,BETWEEN,Edge,PASS,0.11133089987561107,,SELECT * FROM t_f048_14 WHERE age BETWEEN 25 AND 30 LIMIT 100;
TC720,F048,BETWEEN,Edge,PASS,0.11302999989129603,,SELECT * FROM t_f048_15 WHERE age BETWEEN 25 AND 30 LIMIT 100;
TC721,F049,IN / NOT IN,Positive,PASS,0.11702729994431138,,"SELECT * FROM t_f049_1 WHERE id IN (1,3);"
TC722,F049,IN / NOT IN,Positive,PASS,0.12907559983432293,,"SELECT * FROM t_f049_2 WHERE id IN (1,3);"
TC723,F049,IN / NOT IN,Positive,PASS,0.10790399997495115,,"SELECT * FROM t_f049_3 WHERE id IN (1,3);"
TC724,F049,IN / NOT IN,Positive,PASS,0.10010000015608966,,"SELECT * FROM t_f049_4 WHERE id IN (1,3);"
TC725,F049,IN / NOT IN,Positive,PASS,0.17756420001387596,,"SELECT * FROM t_f049_5 WHERE id IN (1,3);"
TC726,F049,IN / NOT IN,Negative,PASS,0.115431800018996,1054 (42S22): Unknown column 'missing_col' in 'field list',SELECT * FROM t_f049_6 WHERE id IN (SELECT missing_col FROM t_f049_6);
TC727,F049,IN / NOT IN,Negative,PASS,0.10957770003005862,1054 (42S22): Unknown column 'missing_col' in 'field list',SELECT * FROM t_f049_7 WHERE id IN (SELECT missing_col FROM t_f049_7);
TC728,F049,IN / NOT IN,Negative,PASS,0.10555990017019212,1054 (42S22): Unknown column 'missing_col' in 'field list',SELECT * FROM t_f049_8 WHERE id IN (SELECT missing_col FROM t_f049_8);
TC729,F049,IN / NOT IN,Negative,PASS,0.11803110013715923,1054 (42S22): Unknown column 'missing_col' in 'field list',SELECT * FROM t_f049_9 WHERE id IN (SELECT missing_col FROM t_f049_9);
TC730,F049,IN / NOT IN,Negative,PASS,0.10991970007307827,1054 (42S22): Unknown column 'missing_col' in 'field list',SELECT * FROM t_f049_10 WHERE id IN (SELECT missing_col FROM t_f049_10);
TC731,F049,IN / NOT IN,Edge,PASS,0.11861070012673736,,"SELECT * FROM t_f049_11 WHERE id IN (1,3) LIMIT 100;"
TC732,F049,IN / NOT IN,Edge,PASS,0.11089470004662871,,"SELECT * FROM t_f049_12 WHERE id IN (1,3) LIMIT 100;"
TC733,F049,IN / NOT IN,Edge,PASS,0.12998589989729226,,"SELECT * FROM t_f049_13 WHERE id IN (1,3) LIMIT 100;"
TC734,F049,IN / NOT IN,Edge,PASS,0.18144390010274947,,"SELECT * FROM t_f049_14 WHERE id IN (1,3) LIMIT 100;"
TC735,F049,IN / NOT IN,Edge,PASS,0.11124979984015226,,"SELECT * FROM t_f049_15 WHERE id IN (1,3) LIMIT 100;"
TC736,F050,LIKE / NOT LIKE,Positive,PASS,0.12329940008930862,,SELECT * FROM t_f050_1 WHERE name LIKE 'A%';
TC737,F050,LIKE / NOT LIKE,Positive,PASS,0.1041510000359267,,SELECT * FROM t_f050_2 WHERE name LIKE 'A%';
TC738,F050,LIKE / NOT LIKE,Positive,PASS,0.10734600014984608,,SELECT * FROM t_f050_3 WHERE name LIKE 'A%';
TC739,F050,LIKE / NOT LIKE,Positive,PASS,0.14660140010528266,,SELECT * FROM t_f050_4 WHERE name LIKE 'A%';
TC740,F050,LIKE / NOT LIKE,Positive,PASS,0.10817129979841411,,SELECT * FROM t_f050_5 WHERE name LIKE 'A%';
TC741,F050,LIKE / NOT LIKE,Negative,PASS,0.14802860002964735,1054 (42S22): Unknown column 'missing_col' in 'where clause',SELECT * FROM t_f050_6 WHERE name LIKE missing_col;
TC742,F050,LIKE / NOT LIKE,Negative,PASS,0.1500057999510318,1054 (42S22): Unknown column 'missing_col' in 'where clause',SELECT * FROM t_f050_7 WHERE name LIKE missing_col;
TC743,F050,LIKE / NOT LIKE,Negative,PASS,0.12158639985136688,1054 (42S22): Unknown column 'missing_col' in 'where clause',SELECT * FROM t_f050_8 WHERE name LIKE missing_col;
TC744,F050,LIKE / NOT LIKE,Negative,PASS,0.10654670000076294,1054 (42S22): Unknown column 'missing_col' in 'where clause',SELECT * FROM t_f050_9 WHERE name LIKE missing_col;
TC745,F050,LIKE / NOT LIKE,Negative,PASS,0.10713519994169474,1054 (42S22): Unknown column 'missing_col' in 'where clause',SELECT * FROM t_f050_10 WHERE name LIKE missing_col;
TC746,F050,LIKE / NOT LIKE,Edge,PASS,0.11352139990776777,,SELECT * FROM t_f050_11 WHERE name LIKE 'A%' LIMIT 100;
TC747,F050,LIKE / NOT LIKE,Edge,PASS,0.10916569991968572,,SELECT * FROM t_f050_12 WHERE name LIKE 'A%' LIMIT 100;
TC748,F050,LIKE / NOT LIKE,Edge,PASS,0.11900430009700358,,SELECT * FROM t_f050_13 WHERE name LIKE 'A%' LIMIT 100;
TC749,F050,LIKE / NOT LIKE,Edge,PASS,0.13597830012440681,,SELECT * FROM t_f050_14 WHERE name LIKE 'A%' LIMIT 100;
TC750,F050,LIKE / NOT LIKE,Edge,PASS,0.13421610021032393,,SELECT * FROM t_f050_15 WHERE name LIKE 'A%' LIMIT 100;
TC751,F051,IS NULL / IS NOT NULL,Positive,PASS,0.10834940010681748,,SELECT * FROM t_f051_1 WHERE email IS NULL;
TC752,F051,IS NULL / IS NOT NULL,Positive,PASS,0.10700349998660386,,SELECT * FROM t_f051_2 WHERE email IS NULL;
TC753,F051,IS NULL / IS NOT NULL,Positive,PASS,0.10036529996432364,,SELECT * FROM t_f051_3 WHERE email IS NULL;
TC754,F051,IS NULL / IS NOT NULL,Positive,PASS,0.11132599995471537,,SELECT * FROM t_f051_4 WHERE email IS NULL;
TC755,F051,IS NULL / IS NOT NULL,Positive,PASS,0.12445550016127527,,SELECT * FROM t_f051_5 WHERE email IS NULL;
TC756,F051,IS NULL / IS NOT NULL,Negative,PASS,0.1392856000456959,1054 (42S22): Unknown column 'missing_col' in 'where clause',SELECT * FROM t_f051_6 WHERE missing_col IS NULL;
TC757,F051,IS NULL / IS NOT NULL,Negative,PASS,0.12198240007273853,1054 (42S22): Unknown column 'missing_col' in 'where clause',SELECT * FROM t_f051_7 WHERE missing_col IS NULL;
TC758,F051,IS NULL / IS NOT NULL,Negative,PASS,0.16330179991200566,1054 (42S22): Unknown column 'missing_col' in 'where clause',SELECT * FROM t_f051_8 WHERE missing_col IS NULL;
TC759,F051,IS NULL / IS NOT NULL,Negative,PASS,0.10597719997167587,1054 (42S22): Unknown column 'missing_col' in 'where clause',SELECT * FROM t_f051_9 WHERE missing_col IS NULL;
TC760,F051,IS NULL / IS NOT NULL,Negative,PASS,0.10260800016112626,1054 (42S22): Unknown column 'missing_col' in 'where clause',SELECT * FROM t_f051_10 WHERE missing_col IS NULL;
TC761,F051,IS NULL / IS NOT NULL,Edge,PASS,0.1058018000330776,,SELECT * FROM t_f051_11 WHERE email IS NULL LIMIT 100;
TC762,F051,IS NULL / IS NOT NULL,Edge,PASS,0.10907509992830455,,SELECT * FROM t_f051_12 WHERE email IS NULL LIMIT 100;
TC763,F051,IS NULL / IS NOT NULL,Edge,PASS,0.11868020007386804,,SELECT * FROM t_f051_13 WHERE email IS NULL LIMIT 100;
TC764,F051,IS NULL / IS NOT NULL,Edge,PASS,0.10671029984951019,,SELECT * FROM t_f051_14 WHERE email IS NULL LIMIT 100;
TC765,F051,IS NULL / IS NOT NULL,Edge,PASS,0.10358110000379384,,SELECT * FROM t_f051_15 WHERE email IS NULL LIMIT 100;
TC766,F052,ORDER BY ASC,Positive,PASS,0.13857519999146461,,SELECT * FROM t_f052_1 ORDER BY salary ASC;
TC767,F052,ORDER BY ASC,Positive,PASS,0.15195289999246597,,SELECT * FROM t_f052_2 ORDER BY salary ASC;
TC768,F052,ORDER BY ASC,Positive,PASS,0.12026629992760718,,SELECT * FROM t_f052_3 ORDER BY salary ASC;
TC769,F052,ORDER BY ASC,Positive,PASS,0.10289480001665652,,SELECT * FROM t_f052_4 ORDER BY salary ASC;
TC770,F052,ORDER BY ASC,Positive,PASS,0.1079543000087142,,SELECT * FROM t_f052_5 ORDER BY salary ASC;
TC771,F052,ORDER BY ASC,Negative,PASS,0.11820150003768504,1054 (42S22): Unknown column 'missing_col' in 'order clause',SELECT * FROM t_f052_6 ORDER BY missing_col ASC;
TC772,F052,ORDER BY ASC,Negative,PASS,0.11782120005227625,1054 (42S22): Unknown column 'missing_col' in 'order clause',SELECT * FROM t_f052_7 ORDER BY missing_col ASC;
TC773,F052,ORDER BY ASC,Negative,PASS,0.10511430003680289,1054 (42S22): Unknown column 'missing_col' in 'order clause',SELECT * FROM t_f052_8 ORDER BY missing_col ASC;
TC774,F052,ORDER BY ASC,Negative,PASS,0.11165159987285733,1054 (42S22): Unknown column 'missing_col' in 'order clause',SELECT * FROM t_f052_9 ORDER BY missing_col ASC;
TC775,F052,ORDER BY ASC,Negative,PASS,0.187245300039649,1054 (42S22): Unknown column 'missing_col' in 'order clause',SELECT * FROM t_f052_10 ORDER BY missing_col ASC;
TC776,F052,ORDER BY ASC,Edge,PASS,0.10967110004276037,,SELECT * FROM t_f052_11 ORDER BY salary ASC LIMIT 100;
TC777,F052,ORDER BY ASC,Edge,PASS,0.10318229999393225,,SELECT * FROM t_f052_12 ORDER BY salary ASC LIMIT 100;
TC778,F052,ORDER BY ASC,Edge,PASS,0.10970689984969795,,SELECT * FROM t_f052_13 ORDER BY salary ASC LIMIT 100;
TC779,F052,ORDER BY ASC,Edge,PASS,0.10643639997579157,,SELECT * FROM t_f052_14 ORDER BY salary ASC LIMIT 100;
TC780,F052,ORDER BY ASC,Edge,PASS,0.11019210005179048,,SELECT * FROM t_f052_15 ORDER BY salary ASC LIMIT 100;
TC781,F053,ORDER BY DESC,Positive,PASS,0.11481659999117255,,SELECT * FROM t_f053_1 ORDER BY salary DESC;
TC782,F053,ORDER BY DESC,Positive,PASS,0.1166220000013709,,SELECT * FROM t_f053_2 ORDER BY salary DESC;
TC783,F053,ORDER BY DESC,Positive,PASS,0.1615221998654306,,SELECT * FROM t_f053_3 ORDER BY salary DESC;
TC784,F053,ORDER BY DESC,Positive,PASS,0.15434210002422333,,SELECT * FROM t_f053_4 ORDER BY salary DESC;
TC785,F053,ORDER BY DESC,Positive,PASS,0.10910520004108548,,SELECT * FROM t_f053_5 ORDER BY salary DESC;
TC786,F053,ORDER BY DESC,Negative,PASS,0.10421559982933104,1054 (42S22): Unknown column 'missing_col' in 'order clause',SELECT * FROM t_f053_6 ORDER BY missing_col DESC;
TC787,F053,ORDER BY DESC,Negative,PASS,0.11348679987713695,1054 (42S22): Unknown column 'missing_col' in 'order clause',SELECT * FROM t_f053_7 ORDER BY missing_col DESC;
TC788,F053,ORDER BY DESC,Negative,PASS,0.11202070000581443,1054 (42S22): Unknown column 'missing_col' in 'order clause',SELECT * FROM t_f053_8 ORDER BY missing_col DESC;
TC789,F053,ORDER BY DESC,Negative,PASS,0.11973090004175901,1054 (42S22): Unknown column 'missing_col' in 'order clause',SELECT * FROM t_f053_9 ORDER BY missing_col DESC;
TC790,F053,ORDER BY DESC,Negative,PASS,0.11241640010848641,1054 (42S22): Unknown column 'missing_col' in 'order clause',SELECT * FROM t_f053_10 ORDER BY missing_col DESC;
TC791,F053,ORDER BY DESC,Edge,PASS,0.16576020000502467,,SELECT * FROM t_f053_11 ORDER BY salary DESC LIMIT 100;
TC792,F053,ORDER BY DESC,Edge,PASS,0.14588689990341663,,SELECT * FROM t_f053_12 ORDER BY salary DESC LIMIT 100;
TC793,F053,ORDER BY DESC,Edge,PASS,0.1080443998798728,,SELECT * FROM t_f053_13 ORDER BY salary DESC LIMIT 100;
TC794,F053,ORDER BY DESC,Edge,PASS,0.1027774999383837,,SELECT * FROM t_f053_14 ORDER BY salary DESC LIMIT 100;
TC795,F053,ORDER BY DESC,Edge,PASS,0.1324823999311775,,SELECT * FROM t_f053_15 ORDER BY salary DESC LIMIT 100;
TC796,F054,LIMIT,Positive,PASS,0.10915670008398592,,SELECT * FROM t_f054_1 LIMIT 1;
TC797,F054,LIMIT,Positive,PASS,0.11840889998711646,,SELECT * FROM t_f054_2 LIMIT 2;
TC798,F054,LIMIT,Positive,PASS,0.11082549998536706,,SELECT * FROM t_f054_3 LIMIT 3;
TC799,F054,LIMIT,Positive,PASS,0.15986219979822636,,SELECT * FROM t_f054_4 LIMIT 1;
TC800,F054,LIMIT,Positive,PASS,0.13855310017243028,,SELECT * FROM t_f054_5 LIMIT 2;
TC801,F054,LIMIT,Negative,PASS,0.11166920000687242,1327 (42000): Undeclared variable: nope,SELECT * FROM t_f054_6 LIMIT nope;
TC802,F054,LIMIT,Negative,PASS,0.1126530000474304,1327 (42000): Undeclared variable: nope,SELECT * FROM t_f054_7 LIMIT nope;
TC803,F054,LIMIT,Negative,PASS,0.1107300000730902,1327 (42000): Undeclared variable: nope,SELECT * FROM t_f054_8 LIMIT nope;
TC804,F054,LIMIT,Negative,PASS,0.0983468999620527,1327 (42000): Undeclared variable: nope,SELECT * FROM t_f054_9 LIMIT nope;
TC805,F054,LIMIT,Negative,PASS,0.11203849990852177,1327 (42000): Undeclared variable: nope,SELECT * FROM t_f054_10 LIMIT nope;
TC806,F054,LIMIT,Edge,PASS,0.11565639986656606,,SELECT * FROM t_f054_11 LIMIT 2;
TC807,F054,LIMIT,Edge,PASS,0.12873910018242896,,SELECT * FROM t_f054_12 LIMIT 3;
TC808,F054,LIMIT,Edge,PASS,0.16800710000097752,,SELECT * FROM t_f054_13 LIMIT 1;
TC809,F054,LIMIT,Edge,PASS,0.11304649990051985,,SELECT * FROM t_f054_14 LIMIT 2;
TC810,F054,LIMIT,Edge,PASS,0.10961330006830394,,SELECT * FROM t_f054_15 LIMIT 3;
TC811,F055,LIMIT with OFFSET,Positive,PASS,0.11300150002352893,,SELECT * FROM t_f055_1 LIMIT 2 OFFSET 0;
TC812,F055,LIMIT with OFFSET,Positive,PASS,0.10130660003051162,,SELECT * FROM t_f055_2 LIMIT 2 OFFSET 1;
TC813,F055,LIMIT with OFFSET,Positive,PASS,0.11357439984567463,,SELECT * FROM t_f055_3 LIMIT 2 OFFSET 0;
TC814,F055,LIMIT with OFFSET,Positive,PASS,0.11141710006631911,,SELECT * FROM t_f055_4 LIMIT 2 OFFSET 1;
TC815,F055,LIMIT with OFFSET,Positive,PASS,0.10524869989603758,,SELECT * FROM t_f055_5 LIMIT 2 OFFSET 0;
TC816,F055,LIMIT with OFFSET,Negative,PASS,0.1605881000868976,1327 (42000): Undeclared variable: nope,SELECT * FROM t_f055_6 LIMIT 2 OFFSET nope;
TC817,F055,LIMIT with OFFSET,Negative,PASS,0.14867090014740825,1327 (42000): Undeclared variable: nope,SELECT * FROM t_f055_7 LIMIT 2 OFFSET nope;
TC818,F055,LIMIT with OFFSET,Negative,PASS,0.13240549992769957,1327 (42000): Undeclared variable: nope,SELECT * FROM t_f055_8 LIMIT 2 OFFSET nope;
TC819,F055,LIMIT with OFFSET,Negative,PASS,0.11645370000042021,1327 (42000): Undeclared variable: nope,SELECT * FROM t_f055_9 LIMIT 2 OFFSET nope;
TC820,F055,LIMIT with OFFSET,Negative,PASS,0.1163156998809427,1327 (42000): Undeclared variable: nope,SELECT * FROM t_f055_10 LIMIT 2 OFFSET nope;
TC821,F055,LIMIT with OFFSET,Edge,PASS,0.12467449996620417,,SELECT * FROM t_f055_11 LIMIT 2 OFFSET 0;
TC822,F055,LIMIT with OFFSET,Edge,PASS,0.11086200014688075,,SELECT * FROM t_f055_12 LIMIT 2 OFFSET 1;
TC823,F055,LIMIT with OFFSET,Edge,PASS,0.11568530020304024,,SELECT * FROM t_f055_13 LIMIT 2 OFFSET 0;
TC824,F055,LIMIT with OFFSET,Edge,PASS,0.18462419998832047,,SELECT * FROM t_f055_14 LIMIT 2 OFFSET 1;
TC825,F055,LIMIT with OFFSET,Edge,PASS,0.12527720001526177,,SELECT * FROM t_f055_15 LIMIT 2 OFFSET 0;
TC826,F056,COUNT(),Positive,PASS,0.14136140001937747,,SELECT COUNT(*) AS cnt FROM t_f056_1;
TC827,F056,COUNT(),Positive,PASS,0.16525710001587868,,SELECT COUNT(*) AS cnt FROM t_f056_2;
TC828,F056,COUNT(),Positive,PASS,0.14711629995144904,,SELECT COUNT(*) AS cnt FROM t_f056_3;
TC829,F056,COUNT(),Positive,PASS,0.15050619980320334,,SELECT COUNT(*) AS cnt FROM t_f056_4;
TC830,F056,COUNT(),Positive,PASS,0.2633923999965191,,SELECT COUNT(*) AS cnt FROM t_f056_5;
TC831,F056,COUNT(),Negative,PASS,0.18710489990189672,1054 (42S22): Unknown column 'missing_col' in 'field list',SELECT COUNT(missing_col) FROM t_f056_6;
TC832,F056,COUNT(),Negative,PASS,0.11248210002668202,1054 (42S22): Unknown column 'missing_col' in 'field list',SELECT COUNT(missing_col) FROM t_f056_7;
TC833,F056,COUNT(),Negative,PASS,0.10623689997009933,1054 (42S22): Unknown column 'missing_col' in 'field list',SELECT COUNT(missing_col) FROM t_f056_8;
TC834,F056,COUNT(),Negative,PASS,0.10385779989883304,1054 (42S22): Unknown column 'missing_col' in 'field list',SELECT COUNT(missing_col) FROM t_f056_9;
TC835,F056,COUNT(),Negative,PASS,0.10692170006223023,1054 (42S22): Unknown column 'missing_col' in 'field list',SELECT COUNT(missing_col) FROM t_f056_10;
TC836,F056,COUNT(),Edge,PASS,0.1174180000089109,,SELECT COUNT(*) AS cnt FROM t_f056_11 LIMIT 100;
TC837,F056,COUNT(),Edge,PASS,0.11210220004431903,,SELECT COUNT(*) AS cnt FROM t_f056_12 LIMIT 100;
TC838,F056,COUNT(),Edge,PASS,0.19248970015905797,,SELECT COUNT(*) AS cnt FROM t_f056_13 LIMIT 100;
TC839,F056,COUNT(),Edge,PASS,0.11515620001591742,,SELECT COUNT(*) AS cnt FROM t_f056_14 LIMIT 100;
TC840,F056,COUNT(),Edge,PASS,0.14624279993586242,,SELECT COUNT(*) AS cnt FROM t_f056_15 LIMIT 100;
TC841,F057,SUM(),Positive,PASS,0.10740410001017153,,SELECT SUM(salary) AS total FROM t_f057_1;
TC842,F057,SUM(),Positive,PASS,0.12847570003941655,,SELECT SUM(salary) AS total FROM t_f057_2;
TC843,F057,SUM(),Positive,PASS,0.11834660009481013,,SELECT SUM(salary) AS total FROM t_f057_3;
TC844,F057,SUM(),Positive,PASS,0.10787369986064732,,SELECT SUM(salary) AS total FROM t_f057_4;
TC845,F057,SUM(),Positive,PASS,0.11161199980415404,,SELECT SUM(salary) AS total FROM t_f057_5;
TC846,F057,SUM(),Negative,PASS,0.18432640004903078,1054 (42S22): Unknown column 'missing_col' in 'field list',SELECT SUM(missing_col) FROM t_f057_6;
TC847,F057,SUM(),Negative,PASS,0.11059860000386834,1054 (42S22): Unknown column 'missing_col' in 'field list',SELECT SUM(missing_col) FROM t_f057_7;
TC848,F057,SUM(),Negative,PASS,0.11540909996256232,1054 (42S22): Unknown column 'missing_col' in 'field list',SELECT SUM(missing_col) FROM t_f057_8;
TC849,F057,SUM(),Negative,PASS,0.1199290999211371,1054 (42S22): Unknown column 'missing_col' in 'field list',SELECT SUM(missing_col) FROM t_f057_9;
TC850,F057,SUM(),Negative,PASS,0.11370850005187094,1054 (42S22): Unknown column 'missing_col' in 'field list',SELECT SUM(missing_col) FROM t_f057_10;
TC851,F057,SUM(),Edge,PASS,0.11246179998852313,,SELECT SUM(salary) AS total FROM t_f057_11 LIMIT 100;
TC852,F057,SUM(),Edge,PASS,0.10421469993889332,,SELECT SUM(salary) AS total FROM t_f057_12 LIMIT 100;
TC853,F057,SUM(),Edge,PASS,0.10808310005813837,,SELECT SUM(salary) AS total FROM t_f057_13 LIMIT 100;
TC854,F057,SUM(),Edge,PASS,0.19503040006384254,,SELECT SUM(salary) AS total FROM t_f057_14 LIMIT 100;
TC855,F057,SUM(),Edge,PASS,0.1280916000250727,,SELECT SUM(salary) AS total FROM t_f057_15 LIMIT 100;
TC856,F058,AVG(),Positive,PASS,0.13670630007982254,,SELECT AVG(salary) AS avgsal FROM t_f058_1;
TC857,F058,AVG(),Positive,PASS,0.1129646000918001,,SELECT AVG(salary) AS avgsal FROM t_f058_2;
TC858,F058,AVG(),Positive,PASS,0.1101641000714153,,SELECT AVG(salary) AS avgsal FROM t_f058_3;
TC859,F058,AVG(),Positive,PASS,0.10873230011202395,,SELECT AVG(salary) AS avgsal FROM t_f058_4;
TC860,F058,AVG(),Positive,PASS,0.12595769995823503,,SELECT AVG(salary) AS avgsal FROM t_f058_5;
TC861,F058,AVG(),Negative,PASS,0.14967880002222955,1054 (42S22): Unknown column 'missing_col' in 'field list',SELECT AVG(missing_col) FROM t_f058_6;
TC862,F058,AVG(),Negative,PASS,0.23653990007005632,1054 (42S22): Unknown column 'missing_col' in 'field list',SELECT AVG(missing_col) FROM t_f058_7;
TC863,F058,AVG(),Negative,PASS,0.11883060005493462,1054 (42S22): Unknown column 'missing_col' in 'field list',SELECT AVG(missing_col) FROM t_f058_8;
TC864,F058,AVG(),Negative,PASS,0.1136960000731051,1054 (42S22): Unknown column 'missing_col' in 'field list',SELECT AVG(missing_col) FROM t_f058_9;
TC865,F058,AVG(),Negative,PASS,0.1314999999012798,1054 (42S22): Unknown column 'missing_col' in 'field list',SELECT AVG(missing_col) FROM t_f058_10;
TC866,F058,AVG(),Edge,PASS,0.14137779991142452,,SELECT AVG(salary) AS avgsal FROM t_f058_11 LIMIT 100;
TC867,F058,AVG(),Edge,PASS,0.11873329989612103,,SELECT AVG(salary) AS avgsal FROM t_f058_12 LIMIT 100;
TC868,F058,AVG(),Edge,PASS,0.20519670005887747,,SELECT AVG(salary) AS avgsal FROM t_f058_13 LIMIT 100;
TC869,F058,AVG(),Edge,PASS,0.18260250007733703,,SELECT AVG(salary) AS avgsal FROM t_f058_14 LIMIT 100;
TC870,F058,AVG(),Edge,PASS,0.12127460003830492,,SELECT AVG(salary) AS avgsal FROM t_f058_15 LIMIT 100;
TC871,F059,MIN() / MAX(),Positive,PASS,0.11886920011602342,,"SELECT MIN(salary) AS min_sal, MAX(salary) AS max_sal FROM t_f059_1;"
TC872,F059,MIN() / MAX(),Positive,PASS,0.11127590015530586,,"SELECT MIN(salary) AS min_sal, MAX(salary) AS max_sal FROM t_f059_2;"
TC873,F059,MIN() / MAX(),Positive,PASS,0.1162491999566555,,"SELECT MIN(salary) AS min_sal, MAX(salary) AS max_sal FROM t_f059_3;"
TC874,F059,MIN() / MAX(),Positive,PASS,0.11114750010892749,,"SELECT MIN(salary) AS min_sal, MAX(salary) AS max_sal FROM t_f059_4;"
TC875,F059,MIN() / MAX(),Positive,PASS,0.10344750015065074,,"SELECT MIN(salary) AS min_sal, MAX(salary) AS max_sal FROM t_f059_5;"
TC876,F059,MIN() / MAX(),Negative,PASS,0.16501120012253523,1054 (42S22): Unknown column 'missing_col' in 'field list',"SELECT MIN(missing_col), MAX(salary) FROM t_f059_6;"
TC877,F059,MIN() / MAX(),Negative,PASS,0.16457660007290542,1054 (42S22): Unknown column 'missing_col' in 'field list',"SELECT MIN(missing_col), MAX(salary) FROM t_f059_7;"
TC878,F059,MIN() / MAX(),Negative,PASS,0.10806060000322759,1054 (42S22): Unknown column 'missing_col' in 'field list',"SELECT MIN(missing_col), MAX(salary) FROM t_f059_8;"
TC879,F059,MIN() / MAX(),Negative,PASS,0.10252470010891557,1054 (42S22): Unknown column 'missing_col' in 'field list',"SELECT MIN(missing_col), MAX(salary) FROM t_f059_9;"
TC880,F059,MIN() / MAX(),Negative,PASS,0.12527640000917017,1054 (42S22): Unknown column 'missing_col' in 'field list',"SELECT MIN(missing_col), MAX(salary) FROM t_f059_10;"
TC881,F059,MIN() / MAX(),Edge,PASS,0.10613889992237091,,"SELECT MIN(salary) AS min_sal, MAX(salary) AS max_sal FROM t_f059_11 LIMIT 100;"
TC882,F059,MIN() / MAX(),Edge,PASS,0.11729410011321306,,"SELECT MIN(salary) AS min_sal, MAX(salary) AS max_sal FROM t_f059_12 LIMIT 100;"
TC883,F059,MIN() / MAX(),Edge,PASS,0.09987700008787215,,"SELECT MIN(salary) AS min_sal, MAX(salary) AS max_sal FROM t_f059_13 LIMIT 100;"
TC884,F059,MIN() / MAX(),Edge,PASS,0.15905770007520914,,"SELECT MIN(salary) AS min_sal, MAX(salary) AS max_sal FROM t_f059_14 LIMIT 100;"
TC885,F059,MIN() / MAX(),Edge,PASS,0.15052810008637607,,"SELECT MIN(salary) AS min_sal, MAX(salary) AS max_sal FROM t_f059_15 LIMIT 100;"
TC886,F060,GROUP BY / HAVING,Positive,PASS,0.12224310007877648,,"SELECT dept_id, COUNT(*) AS cnt FROM t_f060_1 GROUP BY dept_id HAVING COUNT(*) >= 1;"
TC887,F060,GROUP BY / HAVING,Positive,PASS,0.12071830010972917,,"SELECT dept_id, COUNT(*) AS cnt FROM t_f060_2 GROUP BY dept_id HAVING COUNT(*) >= 1;"
TC888,F060,GROUP BY / HAVING,Positive,PASS,0.10962520004250109,,"SELECT dept_id, COUNT(*) AS cnt FROM t_f060_3 GROUP BY dept_id HAVING COUNT(*) >= 1;"
TC889,F060,GROUP BY / HAVING,Positive,PASS,0.11059050005860627,,"SELECT dept_id, COUNT(*) AS cnt FROM t_f060_4 GROUP BY dept_id HAVING COUNT(*) >= 1;"
TC890,F060,GROUP BY / HAVING,Positive,PASS,0.10911460011266172,,"SELECT dept_id, COUNT(*) AS cnt FROM t_f060_5 GROUP BY dept_id HAVING COUNT(*) >= 1;"
TC891,F060,GROUP BY / HAVING,Negative,PASS,0.11111930012702942,1055 (42000): Expression #2 of SELECT list is not in GROUP BY clause and contains nonaggregated column 'ai_testing_group1.t_f060_6.name' which is not functionally dependent on columns in GROUP BY clause; this is incompatible with sql_mode=only_full_group_by,"SELECT dept_id, name FROM t_f060_6 GROUP BY dept_id;"
TC892,F060,GROUP BY / HAVING,Negative,PASS,0.16954299993813038,1055 (42000): Expression #2 of SELECT list is not in GROUP BY clause and contains nonaggregated column 'ai_testing_group1.t_f060_7.name' which is not functionally dependent on columns in GROUP BY clause; this is incompatible with sql_mode=only_full_group_by,"SELECT dept_id, name FROM t_f060_7 GROUP BY dept_id;"
TC893,F060,GROUP BY / HAVING,Negative,PASS,0.14339009998366237,1055 (42000): Expression #2 of SELECT list is not in GROUP BY clause and contains nonaggregated column 'ai_testing_group1.t_f060_8.name' which is not functionally dependent on columns in GROUP BY clause; this is incompatible with sql_mode=only_full_group_by,"SELECT dept_id, name FROM t_f060_8 GROUP BY dept_id;"
TC894,F060,GROUP BY / HAVING,Negative,PASS,0.11657569999806583,1055 (42000): Expression #2 of SELECT list is not in GROUP BY clause and contains nonaggregated column 'ai_testing_group1.t_f060_9.name' which is not functionally dependent on columns in GROUP BY clause; this is incompatible with sql_mode=only_full_group_by,"SELECT dept_id, name FROM t_f060_9 GROUP BY dept_id;"
TC895,F060,GROUP BY / HAVING,Negative,PASS,0.11857719998806715,1055 (42000): Expression #2 of SELECT list is not in GROUP BY clause and contains nonaggregated column 'ai_testing_group1.t_f060_10.name' which is not functionally dependent on columns in GROUP BY clause; this is incompatible with sql_mode=only_full_group_by,"SELECT dept_id, name FROM t_f060_10 GROUP BY dept_id;"
TC896,F060,GROUP BY / HAVING,Edge,PASS,0.11075930017977953,,"SELECT dept_id, COUNT(*) AS cnt FROM t_f060_11 GROUP BY dept_id HAVING COUNT(*) >= 1;"
TC897,F060,GROUP BY / HAVING,Edge,PASS,0.10887630004435778,,"SELECT dept_id, COUNT(*) AS cnt FROM t_f060_12 GROUP BY dept_id HAVING COUNT(*) >= 1;"
TC898,F060,GROUP BY / HAVING,Edge,PASS,0.10977880004793406,,"SELECT dept_id, COUNT(*) AS cnt FROM t_f060_13 GROUP BY dept_id HAVING COUNT(*) >= 1;"
TC899,F060,GROUP BY / HAVING,Edge,PASS,0.10072440002113581,,"SELECT dept_id, COUNT(*) AS cnt FROM t_f060_14 GROUP BY dept_id HAVING COUNT(*) >= 1;"
TC900,F060,GROUP BY / HAVING,Edge,PASS,0.14987969980575144,,"SELECT dept_id, COUNT(*) AS cnt FROM t_f060_15 GROUP BY dept_id HAVING COUNT(*) >= 1;"
TC901,F061,INNER JOIN,Positive,PASS,0.2465532999485731,,"SELECT a.id,a.name,b.label FROM t_f061_1_a a INNER JOIN t_f061_1_b b ON a.id=b.a_id;"
TC902,F061,INNER JOIN,Positive,PASS,0.15392519999295473,,"SELECT a.id,a.name,b.label FROM t_f061_2_a a INNER JOIN t_f061_2_b b ON a.id=b.a_id;"
TC903,F061,INNER JOIN,Positive,PASS,0.14745800010859966,,"SELECT a.id,a.name,b.label FROM t_f061_3_a a INNER JOIN t_f061_3_b b ON a.id=b.a_id;"
TC904,F061,INNER JOIN,Positive,PASS,0.1501716000493616,,"SELECT a.id,a.name,b.label FROM t_f061_4_a a INNER JOIN t_f061_4_b b ON a.id=b.a_id;"
TC905,F061,INNER JOIN,Positive,PASS,0.1455512000247836,,"SELECT a.id,a.name,b.label FROM t_f061_5_a a INNER JOIN t_f061_5_b b ON a.id=b.a_id;"
TC906,F061,INNER JOIN,Negative,PASS,0.18835219996981323,1054 (42S22): Unknown column 'a.missing_col' in 'on clause',SELECT a.id FROM t_f061_6_a a INNER JOIN t_f061_6_b b ON a.missing_col=b.a_id;
TC907,F061,INNER JOIN,Negative,PASS,0.18669999996200204,1054 (42S22): Unknown column 'a.missing_col' in 'on clause',SELECT a.id FROM t_f061_7_a a INNER JOIN t_f061_7_b b ON a.missing_col=b.a_id;
TC908,F061,INNER JOIN,Negative,PASS,0.14252770016901195,1054 (42S22): Unknown column 'a.missing_col' in 'on clause',SELECT a.id FROM t_f061_8_a a INNER JOIN t_f061_8_b b ON a.missing_col=b.a_id;
TC909,F061,INNER JOIN,Negative,PASS,0.1340207001194358,1054 (42S22): Unknown column 'a.missing_col' in 'on clause',SELECT a.id FROM t_f061_9_a a INNER JOIN t_f061_9_b b ON a.missing_col=b.a_id;
TC910,F061,INNER JOIN,Negative,PASS,0.1517763000447303,1054 (42S22): Unknown column 'a.missing_col' in 'on clause',SELECT a.id FROM t_f061_10_a a INNER JOIN t_f061_10_b b ON a.missing_col=b.a_id;
TC911,F061,INNER JOIN,Edge,PASS,0.14874049997888505,,"SELECT a.id,a.name,b.label FROM t_f061_11_a a INNER JOIN t_f061_11_b b ON a.id=b.a_id;"
TC912,F061,INNER JOIN,Edge,PASS,0.14739860012196004,,"SELECT a.id,a.name,b.label FROM t_f061_12_a a INNER JOIN t_f061_12_b b ON a.id=b.a_id;"
TC913,F061,INNER JOIN,Edge,PASS,0.22351839998736978,,"SELECT a.id,a.name,b.label FROM t_f061_13_a a INNER JOIN t_f061_13_b b ON a.id=b.a_id;"
TC914,F061,INNER JOIN,Edge,PASS,0.13409700011834502,,"SELECT a.id,a.name,b.label FROM t_f061_14_a a INNER JOIN t_f061_14_b b ON a.id=b.a_id;"
TC915,F061,INNER JOIN,Edge,PASS,0.14154780004173517,,"SELECT a.id,a.name,b.label FROM t_f061_15_a a INNER JOIN t_f061_15_b b ON a.id=b.a_id;"
TC916,F062,LEFT JOIN,Positive,PASS,0.1520643001422286,,"SELECT a.id,a.name,b.label FROM t_f062_1_a a LEFT JOIN t_f062_1_b b ON a.id=b.a_id;"
TC917,F062,LEFT JOIN,Positive,PASS,0.1331712999381125,,"SELECT a.id,a.name,b.label FROM t_f062_2_a a LEFT JOIN t_f062_2_b b ON a.id=b.a_id;"
TC918,F062,LEFT JOIN,Positive,PASS,0.14313810016028583,,"SELECT a.id,a.name,b.label FROM t_f062_3_a a LEFT JOIN t_f062_3_b b ON a.id=b.a_id;"
TC919,F062,LEFT JOIN,Positive,PASS,0.20399529999122024,,"SELECT a.id,a.name,b.label FROM t_f062_4_a a LEFT JOIN t_f062_4_b b ON a.id=b.a_id;"
TC920,F062,LEFT JOIN,Positive,PASS,0.16546910000033677,,"SELECT a.id,a.name,b.label FROM t_f062_5_a a LEFT JOIN t_f062_5_b b ON a.id=b.a_id;"
TC921,F062,LEFT JOIN,Negative,PASS,0.1453664000146091,1054 (42S22): Unknown column 'b.missing_col' in 'on clause',SELECT a.id FROM t_f062_6_a a LEFT JOIN t_f062_6_b b ON a.id=b.missing_col;
TC922,F062,LEFT JOIN,Negative,PASS,0.15570710017345846,1054 (42S22): Unknown column 'b.missing_col' in 'on clause',SELECT a.id FROM t_f062_7_a a LEFT JOIN t_f062_7_b b ON a.id=b.missing_col;
TC923,F062,LEFT JOIN,Negative,PASS,0.13566789985634387,1054 (42S22): Unknown column 'b.missing_col' in 'on clause',SELECT a.id FROM t_f062_8_a a LEFT JOIN t_f062_8_b b ON a.id=b.missing_col;
TC924,F062,LEFT JOIN,Negative,PASS,0.14220140012912452,1054 (42S22): Unknown column 'b.missing_col' in 'on clause',SELECT a.id FROM t_f062_9_a a LEFT JOIN t_f062_9_b b ON a.id=b.missing_col;
TC925,F062,LEFT JOIN,Negative,PASS,0.15118160005658865,1054 (42S22): Unknown column 'b.missing_col' in 'on clause',SELECT a.id FROM t_f062_10_a a LEFT JOIN t_f062_10_b b ON a.id=b.missing_col;
TC926,F062,LEFT JOIN,Edge,PASS,0.22441789996810257,,"SELECT a.id,a.name,b.label FROM t_f062_11_a a LEFT JOIN t_f062_11_b b ON a.id=b.a_id;"
TC927,F062,LEFT JOIN,Edge,PASS,0.15604869998060167,,"SELECT a.id,a.name,b.label FROM t_f062_12_a a LEFT JOIN t_f062_12_b b ON a.id=b.a_id;"
TC928,F062,LEFT JOIN,Edge,PASS,0.13839490013197064,,"SELECT a.id,a.name,b.label FROM t_f062_13_a a LEFT JOIN t_f062_13_b b ON a.id=b.a_id;"
TC929,F062,LEFT JOIN,Edge,PASS,0.149930999847129,,"SELECT a.id,a.name,b.label FROM t_f062_14_a a LEFT JOIN t_f062_14_b b ON a.id=b.a_id;"
TC930,F062,LEFT JOIN,Edge,PASS,0.13901489996351302,,"SELECT a.id,a.name,b.label FROM t_f062_15_a a LEFT JOIN t_f062_15_b b ON a.id=b.a_id;"
TC931,F063,RIGHT JOIN,Positive,PASS,0.1427347999997437,,"SELECT a.id,a.name,b.label FROM t_f063_1_a a RIGHT JOIN t_f063_1_b b ON a.id=b.a_id;"
TC932,F063,RIGHT JOIN,Positive,PASS,0.25620349985547364,,"SELECT a.id,a.name,b.label FROM t_f063_2_a a RIGHT JOIN t_f063_2_b b ON a.id=b.a_id;"
TC933,F063,RIGHT JOIN,Positive,PASS,0.1417818998452276,,"SELECT a.id,a.name,b.label FROM t_f063_3_a a RIGHT JOIN t_f063_3_b b ON a.id=b.a_id;"
TC934,F063,RIGHT JOIN,Positive,PASS,0.14871780015528202,,"SELECT a.id,a.name,b.label FROM t_f063_4_a a RIGHT JOIN t_f063_4_b b ON a.id=b.a_id;"
TC935,F063,RIGHT JOIN,Positive,PASS,0.15651290002278984,,"SELECT a.id,a.name,b.label FROM t_f063_5_a a RIGHT JOIN t_f063_5_b b ON a.id=b.a_id;"
TC936,F063,RIGHT JOIN,Negative,PASS,0.14666029997169971,1054 (42S22): Unknown column 'a.missing_col' in 'on clause',SELECT a.id FROM t_f063_6_a a RIGHT JOIN t_f063_6_b b ON a.missing_col=b.a_id;
TC937,F063,RIGHT JOIN,Negative,PASS,0.16355319996364415,1054 (42S22): Unknown column 'a.missing_col' in 'on clause',SELECT a.id FROM t_f063_7_a a RIGHT JOIN t_f063_7_b b ON a.missing_col=b.a_id;
TC938,F063,RIGHT JOIN,Negative,PASS,0.25882140011526644,1054 (42S22): Unknown column 'a.missing_col' in 'on clause',SELECT a.id FROM t_f063_8_a a RIGHT JOIN t_f063_8_b b ON a.missing_col=b.a_id;
TC939,F063,RIGHT JOIN,Negative,PASS,0.15977769996970892,1054 (42S22): Unknown column 'a.missing_col' in 'on clause',SELECT a.id FROM t_f063_9_a a RIGHT JOIN t_f063_9_b b ON a.missing_col=b.a_id;
TC940,F063,RIGHT JOIN,Negative,PASS,0.16446470003575087,1054 (42S22): Unknown column 'a.missing_col' in 'on clause',SELECT a.id FROM t_f063_10_a a RIGHT JOIN t_f063_10_b b ON a.missing_col=b.a_id;
TC941,F063,RIGHT JOIN,Edge,PASS,0.15821809996850789,,"SELECT a.id,a.name,b.label FROM t_f063_11_a a RIGHT JOIN t_f063_11_b b ON a.id=b.a_id;"
TC942,F063,RIGHT JOIN,Edge,PASS,0.1537336001638323,,"SELECT a.id,a.name,b.label FROM t_f063_12_a a RIGHT JOIN t_f063_12_b b ON a.id=b.a_id;"
TC943,F063,RIGHT JOIN,Edge,PASS,0.17998340004123747,,"SELECT a.id,a.name,b.label FROM t_f063_13_a a RIGHT JOIN t_f063_13_b b ON a.id=b.a_id;"
TC944,F063,RIGHT JOIN,Edge,PASS,0.3731353001203388,,"SELECT a.id,a.name,b.label FROM t_f063_14_a a RIGHT JOIN t_f063_14_b b ON a.id=b.a_id;"
TC945,F063,RIGHT JOIN,Edge,PASS,0.13960980018600821,,"SELECT a.id,a.name,b.label FROM t_f063_15_a a RIGHT JOIN t_f063_15_b b ON a.id=b.a_id;"
TC946,F064,CROSS JOIN,Positive,PASS,0.12918739998713136,,"SELECT a.id AS aid,b.id AS bid FROM t_f064_1_a a CROSS JOIN t_f064_1_b b;"
TC947,F064,CROSS JOIN,Positive,PASS,0.13538550003431737,,"SELECT a.id AS aid,b.id AS bid FROM t_f064_2_a a CROSS JOIN t_f064_2_b b;"
TC948,F064,CROSS JOIN,Positive,PASS,0.12885340000502765,,"SELECT a.id AS aid,b.id AS bid FROM t_f064_3_a a CROSS JOIN t_f064_3_b b;"
TC949,F064,CROSS JOIN,Positive,PASS,0.23686019983142614,,"SELECT a.id AS aid,b.id AS bid FROM t_f064_4_a a CROSS JOIN t_f064_4_b b;"
TC950,F064,CROSS JOIN,Positive,PASS,0.14544859994202852,,"SELECT a.id AS aid,b.id AS bid FROM t_f064_5_a a CROSS JOIN t_f064_5_b b;"
TC951,F064,CROSS JOIN,Negative,PASS,0.14655569987371564,1054 (42S22): Unknown column 'missing_col' in 'where clause',SELECT a.id FROM t_f064_6_a a CROSS JOIN t_f064_6_b b WHERE missing_col=1;
TC952,F064,CROSS JOIN,Negative,PASS,0.1434853000100702,1054 (42S22): Unknown column 'missing_col' in 'where clause',SELECT a.id FROM t_f064_7_a a CROSS JOIN t_f064_7_b b WHERE missing_col=1;
TC953,F064,CROSS JOIN,Negative,PASS,0.14257150003686547,1054 (42S22): Unknown column 'missing_col' in 'where clause',SELECT a.id FROM t_f064_8_a a CROSS JOIN t_f064_8_b b WHERE missing_col=1;
TC954,F064,CROSS JOIN,Negative,PASS,0.1431257000658661,1054 (42S22): Unknown column 'missing_col' in 'where clause',SELECT a.id FROM t_f064_9_a a CROSS JOIN t_f064_9_b b WHERE missing_col=1;
TC955,F064,CROSS JOIN,Negative,PASS,0.1930976000148803,1054 (42S22): Unknown column 'missing_col' in 'where clause',SELECT a.id FROM t_f064_10_a a CROSS JOIN t_f064_10_b b WHERE missing_col=1;
TC956,F064,CROSS JOIN,Edge,PASS,0.19972910010255873,,"SELECT a.id AS aid,b.id AS bid FROM t_f064_11_a a CROSS JOIN t_f064_11_b b;"
TC957,F064,CROSS JOIN,Edge,PASS,0.14314749999903142,,"SELECT a.id AS aid,b.id AS bid FROM t_f064_12_a a CROSS JOIN t_f064_12_b b;"
TC958,F064,CROSS JOIN,Edge,PASS,0.13496850011870265,,"SELECT a.id AS aid,b.id AS bid FROM t_f064_13_a a CROSS JOIN t_f064_13_b b;"
TC959,F064,CROSS JOIN,Edge,PASS,0.1494197000283748,,"SELECT a.id AS aid,b.id AS bid FROM t_f064_14_a a CROSS JOIN t_f064_14_b b;"
TC960,F064,CROSS JOIN,Edge,PASS,0.151532799936831,,"SELECT a.id AS aid,b.id AS bid FROM t_f064_15_a a CROSS JOIN t_f064_15_b b;"
TC961,F065,SELF JOIN,Positive,PASS,0.08495860011316836,,"SELECT e.name AS employee,m.name AS manager FROM t_f065_1 e LEFT JOIN t_f065_1 m ON e.manager_id=m.id;"
TC962,F065,SELF JOIN,Positive,PASS,0.14080359996296465,,"SELECT e.name AS employee,m.name AS manager FROM t_f065_2 e LEFT JOIN t_f065_2 m ON e.manager_id=m.id;"
TC963,F065,SELF JOIN,Positive,PASS,0.13529199990443885,,"SELECT e.name AS employee,m.name AS manager FROM t_f065_3 e LEFT JOIN t_f065_3 m ON e.manager_id=m.id;"
TC964,F065,SELF JOIN,Positive,PASS,0.10927939997054636,,"SELECT e.name AS employee,m.name AS manager FROM t_f065_4 e LEFT JOIN t_f065_4 m ON e.manager_id=m.id;"
TC965,F065,SELF JOIN,Positive,PASS,0.09144100011326373,,"SELECT e.name AS employee,m.name AS manager FROM t_f065_5 e LEFT JOIN t_f065_5 m ON e.manager_id=m.id;"
TC966,F065,SELF JOIN,Negative,PASS,0.0807641998399049,1066 (42000): Not unique table/alias: 'e',SELECT e.name FROM t_f065_6 e JOIN t_f065_6 e ON e.id=e.id;
TC967,F065,SELF JOIN,Negative,PASS,0.10799039993435144,1066 (42000): Not unique table/alias: 'e',SELECT e.name FROM t_f065_7 e JOIN t_f065_7 e ON e.id=e.id;
TC968,F065,SELF JOIN,Negative,PASS,0.09151419997215271,1066 (42000): Not unique table/alias: 'e',SELECT e.name FROM t_f065_8 e JOIN t_f065_8 e ON e.id=e.id;
TC969,F065,SELF JOIN,Negative,PASS,0.09230710007250309,1066 (42000): Not unique table/alias: 'e',SELECT e.name FROM t_f065_9 e JOIN t_f065_9 e ON e.id=e.id;
TC970,F065,SELF JOIN,Negative,PASS,0.07936430000700057,1066 (42000): Not unique table/alias: 'e',SELECT e.name FROM t_f065_10 e JOIN t_f065_10 e ON e.id=e.id;
TC971,F065,SELF JOIN,Edge,PASS,0.09551310003735125,,"SELECT e.name AS employee,m.name AS manager FROM t_f065_11 e LEFT JOIN t_f065_11 m ON e.manager_id=m.id;"
TC972,F065,SELF JOIN,Edge,PASS,0.2661904999986291,,"SELECT e.name AS employee,m.name AS manager FROM t_f065_12 e LEFT JOIN t_f065_12 m ON e.manager_id=m.id;"
TC973,F065,SELF JOIN,Edge,PASS,0.08774049999192357,,"SELECT e.name AS employee,m.name AS manager FROM t_f065_13 e LEFT JOIN t_f065_13 m ON e.manager_id=m.id;"
TC974,F065,SELF JOIN,Edge,PASS,0.09381510014645755,,"SELECT e.name AS employee,m.name AS manager FROM t_f065_14 e LEFT JOIN t_f065_14 m ON e.manager_id=m.id;"
TC975,F065,SELF JOIN,Edge,PASS,0.07937909988686442,,"SELECT e.name AS employee,m.name AS manager FROM t_f065_15 e LEFT JOIN t_f065_15 m ON e.manager_id=m.id;"
TC976,F066,Multiple-table JOIN,Positive,PASS,0.21050449996255338,,"SELECT a.id,b.id,c.id FROM t_f066_1_a a JOIN t_f066_1_b b ON a.id=b.a_id JOIN t_f066_1_c c ON b.id=c.b_id;"
TC977,F066,Multiple-table JOIN,Positive,PASS,0.22424810007214546,,"SELECT a.id,b.id,c.id FROM t_f066_2_a a JOIN t_f066_2_b b ON a.id=b.a_id JOIN t_f066_2_c c ON b.id=c.b_id;"
TC978,F066,Multiple-table JOIN,Positive,PASS,0.3452465001028031,,"SELECT a.id,b.id,c.id FROM t_f066_3_a a JOIN t_f066_3_b b ON a.id=b.a_id JOIN t_f066_3_c c ON b.id=c.b_id;"
TC979,F066,Multiple-table JOIN,Positive,PASS,0.2335592000745237,,"SELECT a.id,b.id,c.id FROM t_f066_4_a a JOIN t_f066_4_b b ON a.id=b.a_id JOIN t_f066_4_c c ON b.id=c.b_id;"
TC980,F066,Multiple-table JOIN,Positive,PASS,0.24456589994952083,,"SELECT a.id,b.id,c.id FROM t_f066_5_a a JOIN t_f066_5_b b ON a.id=b.a_id JOIN t_f066_5_c c ON b.id=c.b_id;"
TC981,F066,Multiple-table JOIN,Negative,PASS,0.20973840006627142,1054 (42S22): Unknown column 'b.missing_col' in 'on clause',"SELECT a.id,b.id,c.id FROM t_f066_6_a a JOIN t_f066_6_b b ON a.id=b.a_id JOIN t_f066_6_c c ON b.missing_col=c.b_id;"
TC982,F066,Multiple-table JOIN,Negative,PASS,0.3106237000320107,1054 (42S22): Unknown column 'b.missing_col' in 'on clause',"SELECT a.id,b.id,c.id FROM t_f066_7_a a JOIN t_f066_7_b b ON a.id=b.a_id JOIN t_f066_7_c c ON b.missing_col=c.b_id;"
TC983,F066,Multiple-table JOIN,Negative,PASS,0.20910840015858412,1054 (42S22): Unknown column 'b.missing_col' in 'on clause',"SELECT a.id,b.id,c.id FROM t_f066_8_a a JOIN t_f066_8_b b ON a.id=b.a_id JOIN t_f066_8_c c ON b.missing_col=c.b_id;"
TC984,F066,Multiple-table JOIN,Negative,PASS,0.2153475999366492,1054 (42S22): Unknown column 'b.missing_col' in 'on clause',"SELECT a.id,b.id,c.id FROM t_f066_9_a a JOIN t_f066_9_b b ON a.id=b.a_id JOIN t_f066_9_c c ON b.missing_col=c.b_id;"
TC985,F066,Multiple-table JOIN,Negative,PASS,0.20931360009126365,1054 (42S22): Unknown column 'b.missing_col' in 'on clause',"SELECT a.id,b.id,c.id FROM t_f066_10_a a JOIN t_f066_10_b b ON a.id=b.a_id JOIN t_f066_10_c c ON b.missing_col=c.b_id;"
TC986,F066,Multiple-table JOIN,Edge,PASS,0.31986390007659793,,"SELECT a.id,b.id,c.id FROM t_f066_11_a a JOIN t_f066_11_b b ON a.id=b.a_id JOIN t_f066_11_c c ON b.id=c.b_id;"
TC987,F066,Multiple-table JOIN,Edge,PASS,0.2264651998411864,,"SELECT a.id,b.id,c.id FROM t_f066_12_a a JOIN t_f066_12_b b ON a.id=b.a_id JOIN t_f066_12_c c ON b.id=c.b_id;"
TC988,F066,Multiple-table JOIN,Edge,PASS,0.20766199985519052,,"SELECT a.id,b.id,c.id FROM t_f066_13_a a JOIN t_f066_13_b b ON a.id=b.a_id JOIN t_f066_13_c c ON b.id=c.b_id;"
TC989,F066,Multiple-table JOIN,Edge,PASS,0.19311150000430644,,"SELECT a.id,b.id,c.id FROM t_f066_14_a a JOIN t_f066_14_b b ON a.id=b.a_id JOIN t_f066_14_c c ON b.id=c.b_id;"
TC990,F066,Multiple-table JOIN,Edge,PASS,0.243171599926427,,"SELECT a.id,b.id,c.id FROM t_f066_15_a a JOIN t_f066_15_b b ON a.id=b.a_id JOIN t_f066_15_c c ON b.id=c.b_id;"
TC991,F067,JOIN with WHERE,Positive,PASS,0.18615410011261702,,"SELECT a.id,b.id FROM t_f067_1_a a JOIN t_f067_1_b b ON a.id=b.a_id WHERE a.grp >= 10;"
TC992,F067,JOIN with WHERE,Positive,PASS,0.151678099995479,,"SELECT a.id,b.id FROM t_f067_2_a a JOIN t_f067_2_b b ON a.id=b.a_id WHERE a.grp >= 10;"
TC993,F067,JOIN with WHERE,Positive,PASS,0.14845889993011951,,"SELECT a.id,b.id FROM t_f067_3_a a JOIN t_f067_3_b b ON a.id=b.a_id WHERE a.grp >= 10;"
TC994,F067,JOIN with WHERE,Positive,PASS,0.14230250008404255,,"SELECT a.id,b.id FROM t_f067_4_a a JOIN t_f067_4_b b ON a.id=b.a_id WHERE a.grp >= 10;"
TC995,F067,JOIN with WHERE,Positive,PASS,0.14732160000130534,,"SELECT a.id,b.id FROM t_f067_5_a a JOIN t_f067_5_b b ON a.id=b.a_id WHERE a.grp >= 10;"
TC996,F067,JOIN with WHERE,Negative,PASS,0.20526689989492297,1054 (42S22): Unknown column 'a.missing_col' in 'where clause',SELECT a.id FROM t_f067_6_a a JOIN t_f067_6_b b ON a.id=b.a_id WHERE a.missing_col=1;
TC997,F067,JOIN with WHERE,Negative,PASS,0.1880671998951584,1054 (42S22): Unknown column 'a.missing_col' in 'where clause',SELECT a.id FROM t_f067_7_a a JOIN t_f067_7_b b ON a.id=b.a_id WHERE a.missing_col=1;
TC998,F067,JOIN with WHERE,Negative,PASS,0.13826360017992556,1054 (42S22): Unknown column 'a.missing_col' in 'where clause',SELECT a.id FROM t_f067_8_a a JOIN t_f067_8_b b ON a.id=b.a_id WHERE a.missing_col=1;
TC999,F067,JOIN with WHERE,Negative,PASS,0.13811830012127757,1054 (42S22): Unknown column 'a.missing_col' in 'where clause',SELECT a.id FROM t_f067_9_a a JOIN t_f067_9_b b ON a.id=b.a_id WHERE a.missing_col=1;
TC1000,F067,JOIN with WHERE,Negative,PASS,0.14881330006755888,1054 (42S22): Unknown column 'a.missing_col' in 'where clause',SELECT a.id FROM t_f067_10_a a JOIN t_f067_10_b b ON a.id=b.a_id WHERE a.missing_col=1;
TC1001,F067,JOIN with WHERE,Edge,PASS,0.14062740001827478,,"SELECT a.id,b.id FROM t_f067_11_a a JOIN t_f067_11_b b ON a.id=b.a_id WHERE a.grp >= 10;"
TC1002,F067,JOIN with WHERE,Edge,PASS,0.13161829998716712,,"SELECT a.id,b.id FROM t_f067_12_a a JOIN t_f067_12_b b ON a.id=b.a_id WHERE a.grp >= 10;"
TC1003,F067,JOIN with WHERE,Edge,PASS,0.2353368999902159,,"SELECT a.id,b.id FROM t_f067_13_a a JOIN t_f067_13_b b ON a.id=b.a_id WHERE a.grp >= 10;"
TC1004,F067,JOIN with WHERE,Edge,PASS,0.1440894000697881,,"SELECT a.id,b.id FROM t_f067_14_a a JOIN t_f067_14_b b ON a.id=b.a_id WHERE a.grp >= 10;"
TC1005,F067,JOIN with WHERE,Edge,PASS,0.1496846000663936,,"SELECT a.id,b.id FROM t_f067_15_a a JOIN t_f067_15_b b ON a.id=b.a_id WHERE a.grp >= 10;"
TC1006,F068,JOIN with GROUP BY,Positive,PASS,0.14678079984150827,,"SELECT a.grp,COUNT(b.id) AS cnt FROM t_f068_1_a a JOIN t_f068_1_b b ON a.id=b.a_id GROUP BY a.grp;"
TC1007,F068,JOIN with GROUP BY,Positive,PASS,0.1433192000258714,,"SELECT a.grp,COUNT(b.id) AS cnt FROM t_f068_2_a a JOIN t_f068_2_b b ON a.id=b.a_id GROUP BY a.grp;"
TC1008,F068,JOIN with GROUP BY,Positive,PASS,0.14418669999577105,,"SELECT a.grp,COUNT(b.id) AS cnt FROM t_f068_3_a a JOIN t_f068_3_b b ON a.id=b.a_id GROUP BY a.grp;"
TC1009,F068,JOIN with GROUP BY,Positive,PASS,0.20821479987353086,,"SELECT a.grp,COUNT(b.id) AS cnt FROM t_f068_4_a a JOIN t_f068_4_b b ON a.id=b.a_id GROUP BY a.grp;"
TC1010,F068,JOIN with GROUP BY,Positive,PASS,0.155748900026083,,"SELECT a.grp,COUNT(b.id) AS cnt FROM t_f068_5_a a JOIN t_f068_5_b b ON a.id=b.a_id GROUP BY a.grp;"
TC1011,F068,JOIN with GROUP BY,Negative,PASS,0.1591980999801308,1055 (42000): Expression #2 of SELECT list is not in GROUP BY clause and contains nonaggregated column 'ai_testing_group1.b.id' which is not functionally dependent on columns in GROUP BY clause; this is incompatible with sql_mode=only_full_group_by,"SELECT a.grp,b.id FROM t_f068_6_a a JOIN t_f068_6_b b ON a.id=b.a_id GROUP BY a.grp;"
TC1012,F068,JOIN with GROUP BY,Negative,PASS,0.14022859977558255,1055 (42000): Expression #2 of SELECT list is not in GROUP BY clause and contains nonaggregated column 'ai_testing_group1.b.id' which is not functionally dependent on columns in GROUP BY clause; this is incompatible with sql_mode=only_full_group_by,"SELECT a.grp,b.id FROM t_f068_7_a a JOIN t_f068_7_b b ON a.id=b.a_id GROUP BY a.grp;"
TC1013,F068,JOIN with GROUP BY,Negative,PASS,0.12998239998705685,1055 (42000): Expression #2 of SELECT list is not in GROUP BY clause and contains nonaggregated column 'ai_testing_group1.b.id' which is not functionally dependent on columns in GROUP BY clause; this is incompatible with sql_mode=only_full_group_by,"SELECT a.grp,b.id FROM t_f068_8_a a JOIN t_f068_8_b b ON a.id=b.a_id GROUP BY a.grp;"
TC1014,F068,JOIN with GROUP BY,Negative,PASS,0.13251619995571673,1055 (42000): Expression #2 of SELECT list is not in GROUP BY clause and contains nonaggregated column 'ai_testing_group1.b.id' which is not functionally dependent on columns in GROUP BY clause; this is incompatible with sql_mode=only_full_group_by,"SELECT a.grp,b.id FROM t_f068_9_a a JOIN t_f068_9_b b ON a.id=b.a_id GROUP BY a.grp;"
TC1015,F068,JOIN with GROUP BY,Negative,PASS,0.1434295999351889,1055 (42000): Expression #2 of SELECT list is not in GROUP BY clause and contains nonaggregated column 'ai_testing_group1.b.id' which is not functionally dependent on columns in GROUP BY clause; this is incompatible with sql_mode=only_full_group_by,"SELECT a.grp,b.id FROM t_f068_10_a a JOIN t_f068_10_b b ON a.id=b.a_id GROUP BY a.grp;"
TC1016,F068,JOIN with GROUP BY,Edge,PASS,0.27165400004014373,,"SELECT a.grp,COUNT(b.id) AS cnt FROM t_f068_11_a a JOIN t_f068_11_b b ON a.id=b.a_id GROUP BY a.grp;"
TC1017,F068,JOIN with GROUP BY,Edge,PASS,0.15563199995085597,,"SELECT a.grp,COUNT(b.id) AS cnt FROM t_f068_12_a a JOIN t_f068_12_b b ON a.id=b.a_id GROUP BY a.grp;"
TC1018,F068,JOIN with GROUP BY,Edge,PASS,0.13121010013855994,,"SELECT a.grp,COUNT(b.id) AS cnt FROM t_f068_13_a a JOIN t_f068_13_b b ON a.id=b.a_id GROUP BY a.grp;"
TC1019,F068,JOIN with GROUP BY,Edge,PASS,0.12807020009495318,,"SELECT a.grp,COUNT(b.id) AS cnt FROM t_f068_14_a a JOIN t_f068_14_b b ON a.id=b.a_id GROUP BY a.grp;"
TC1020,F068,JOIN with GROUP BY,Edge,PASS,0.13949610013514757,,"SELECT a.grp,COUNT(b.id) AS cnt FROM t_f068_15_a a JOIN t_f068_15_b b ON a.id=b.a_id GROUP BY a.grp;"
TC1021,F069,JOIN with aggregate functions,Positive,PASS,0.12671830016188323,,"SELECT a.id,SUM(b.val) AS total FROM t_f069_1_a a JOIN t_f069_1_b b ON a.id=b.a_id GROUP BY a.id;"
TC1022,F069,JOIN with aggregate functions,Positive,PASS,0.20730750006623566,,"SELECT a.id,SUM(b.val) AS total FROM t_f069_2_a a JOIN t_f069_2_b b ON a.id=b.a_id GROUP BY a.id;"
TC1023,F069,JOIN with aggregate functions,Positive,PASS,0.13826859998516738,,"SELECT a.id,SUM(b.val) AS total FROM t_f069_3_a a JOIN t_f069_3_b b ON a.id=b.a_id GROUP BY a.id;"
TC1024,F069,JOIN with aggregate functions,Positive,PASS,0.15788340009748936,,"SELECT a.id,SUM(b.val) AS total FROM t_f069_4_a a JOIN t_f069_4_b b ON a.id=b.a_id GROUP BY a.id;"
TC1025,F069,JOIN with aggregate functions,Positive,PASS,0.13075120002031326,,"SELECT a.id,SUM(b.val) AS total FROM t_f069_5_a a JOIN t_f069_5_b b ON a.id=b.a_id GROUP BY a.id;"
TC1026,F069,JOIN with aggregate functions,Negative,PASS,0.12224159995093942,1054 (42S22): Unknown column 'b.missing_col' in 'field list',"SELECT a.id,SUM(b.missing_col) FROM t_f069_6_a a JOIN t_f069_6_b b ON a.id=b.a_id GROUP BY a.id;"
TC1027,F069,JOIN with aggregate functions,Negative,PASS,0.15748260007239878,1054 (42S22): Unknown column 'b.missing_col' in 'field list',"SELECT a.id,SUM(b.missing_col) FROM t_f069_7_a a JOIN t_f069_7_b b ON a.id=b.a_id GROUP BY a.id;"
TC1028,F069,JOIN with aggregate functions,Negative,PASS,0.16591809992678463,1054 (42S22): Unknown column 'b.missing_col' in 'field list',"SELECT a.id,SUM(b.missing_col) FROM t_f069_8_a a JOIN t_f069_8_b b ON a.id=b.a_id GROUP BY a.id;"
TC1029,F069,JOIN with aggregate functions,Negative,PASS,0.20555340009741485,1054 (42S22): Unknown column 'b.missing_col' in 'field list',"SELECT a.id,SUM(b.missing_col) FROM t_f069_9_a a JOIN t_f069_9_b b ON a.id=b.a_id GROUP BY a.id;"
TC1030,F069,JOIN with aggregate functions,Negative,PASS,0.12386719998903573,1054 (42S22): Unknown column 'b.missing_col' in 'field list',"SELECT a.id,SUM(b.missing_col) FROM t_f069_10_a a JOIN t_f069_10_b b ON a.id=b.a_id GROUP BY a.id;"
TC1031,F069,JOIN with aggregate functions,Edge,PASS,0.13614550000056624,,"SELECT a.id,SUM(b.val) AS total FROM t_f069_11_a a JOIN t_f069_11_b b ON a.id=b.a_id GROUP BY a.id;"
TC1032,F069,JOIN with aggregate functions,Edge,PASS,0.13771909987553954,,"SELECT a.id,SUM(b.val) AS total FROM t_f069_12_a a JOIN t_f069_12_b b ON a.id=b.a_id GROUP BY a.id;"
TC1033,F069,JOIN with aggregate functions,Edge,PASS,0.12789539992809296,,"SELECT a.id,SUM(b.val) AS total FROM t_f069_13_a a JOIN t_f069_13_b b ON a.id=b.a_id GROUP BY a.id;"
TC1034,F069,JOIN with aggregate functions,Edge,PASS,0.14334840001538396,,"SELECT a.id,SUM(b.val) AS total FROM t_f069_14_a a JOIN t_f069_14_b b ON a.id=b.a_id GROUP BY a.id;"
TC1035,F069,JOIN with aggregate functions,Edge,PASS,0.18475730018690228,,"SELECT a.id,SUM(b.val) AS total FROM t_f069_15_a a JOIN t_f069_15_b b ON a.id=b.a_id GROUP BY a.id;"
TC1036,F070,JOIN involving NULL values,Positive,PASS,0.21138680004514754,,"SELECT a.id,b.id FROM t_f070_1_a a LEFT JOIN t_f070_1_b b ON a.id=b.a_id;"
TC1037,F070,JOIN involving NULL values,Positive,PASS,0.141247000079602,,"SELECT a.id,b.id FROM t_f070_2_a a LEFT JOIN t_f070_2_b b ON a.id=b.a_id;"
TC1038,F070,JOIN involving NULL values,Positive,PASS,0.13106429995968938,,"SELECT a.id,b.id FROM t_f070_3_a a LEFT JOIN t_f070_3_b b ON a.id=b.a_id;"
TC1039,F070,JOIN involving NULL values,Positive,PASS,0.14688199991360307,,"SELECT a.id,b.id FROM t_f070_4_a a LEFT JOIN t_f070_4_b b ON a.id=b.a_id;"
TC1040,F070,JOIN involving NULL values,Positive,PASS,0.1314692001324147,,"SELECT a.id,b.id FROM t_f070_5_a a LEFT JOIN t_f070_5_b b ON a.id=b.a_id;"
TC1041,F070,JOIN involving NULL values,Negative,PASS,0.13862280012108386,1054 (42S22): Unknown column 'b.missing_col' in 'field list',"SELECT a.id,b.missing_col FROM t_f070_6_a a LEFT JOIN t_f070_6_b b ON a.id=b.a_id;"
TC1042,F070,JOIN involving NULL values,Negative,PASS,0.2201527999714017,1054 (42S22): Unknown column 'b.missing_col' in 'field list',"SELECT a.id,b.missing_col FROM t_f070_7_a a LEFT JOIN t_f070_7_b b ON a.id=b.a_id;"
TC1043,F070,JOIN involving NULL values,Negative,PASS,0.14343259995803237,1054 (42S22): Unknown column 'b.missing_col' in 'field list',"SELECT a.id,b.missing_col FROM t_f070_8_a a LEFT JOIN t_f070_8_b b ON a.id=b.a_id;"
TC1044,F070,JOIN involving NULL values,Negative,PASS,0.1346147998701781,1054 (42S22): Unknown column 'b.missing_col' in 'field list',"SELECT a.id,b.missing_col FROM t_f070_9_a a LEFT JOIN t_f070_9_b b ON a.id=b.a_id;"
TC1045,F070,JOIN involving NULL values,Negative,PASS,0.15318979998119175,1054 (42S22): Unknown column 'b.missing_col' in 'field list',"SELECT a.id,b.missing_col FROM t_f070_10_a a LEFT JOIN t_f070_10_b b ON a.id=b.a_id;"
TC1046,F070,JOIN involving NULL values,Edge,PASS,0.13780550006777048,,"SELECT a.id,b.id FROM t_f070_11_a a LEFT JOIN t_f070_11_b b ON a.id=b.a_id;"
TC1047,F070,JOIN involving NULL values,Edge,PASS,0.14187529985792935,,"SELECT a.id,b.id FROM t_f070_12_a a LEFT JOIN t_f070_12_b b ON a.id=b.a_id;"
TC1048,F070,JOIN involving NULL values,Edge,PASS,0.17256650002673268,,"SELECT a.id,b.id FROM t_f070_13_a a LEFT JOIN t_f070_13_b b ON a.id=b.a_id;"
TC1049,F070,JOIN involving NULL values,Edge,PASS,0.18991580000147223,,"SELECT a.id,b.id FROM t_f070_14_a a LEFT JOIN t_f070_14_b b ON a.id=b.a_id;"
TC1050,F070,JOIN involving NULL values,Edge,PASS,0.15452490001916885,,"SELECT a.id,b.id FROM t_f070_15_a a LEFT JOIN t_f070_15_b b ON a.id=b.a_id;"
TC1051,F071,Subquery in WHERE,Positive,PASS,0.1642299999948591,,SELECT * FROM t_f071_1 WHERE salary > (SELECT AVG(salary) FROM t_f071_1);
TC1052,F071,Subquery in WHERE,Positive,PASS,0.11565510020591319,,SELECT * FROM t_f071_2 WHERE salary > (SELECT AVG(salary) FROM t_f071_2);
TC1053,F071,Subquery in WHERE,Positive,PASS,0.15356649993918836,,SELECT * FROM t_f071_3 WHERE salary > (SELECT AVG(salary) FROM t_f071_3);
TC1054,F071,Subquery in WHERE,Positive,PASS,0.12844789982773364,,SELECT * FROM t_f071_4 WHERE salary > (SELECT AVG(salary) FROM t_f071_4);
TC1055,F071,Subquery in WHERE,Positive,PASS,0.17931649996899068,,SELECT * FROM t_f071_5 WHERE salary > (SELECT AVG(salary) FROM t_f071_5);
TC1056,F071,Subquery in WHERE,Negative,PASS,0.16162839997559786,1241 (21000): Operand should contain 1 column(s),"SELECT * FROM t_f071_6 WHERE salary = (SELECT id, salary FROM t_f071_6);"
TC1057,F071,Subquery in WHERE,Negative,PASS,0.1564203999005258,1241 (21000): Operand should contain 1 column(s),"SELECT * FROM t_f071_7 WHERE salary = (SELECT id, salary FROM t_f071_7);"
TC1058,F071,Subquery in WHERE,Negative,PASS,0.12193630007095635,1241 (21000): Operand should contain 1 column(s),"SELECT * FROM t_f071_8 WHERE salary = (SELECT id, salary FROM t_f071_8);"
TC1059,F071,Subquery in WHERE,Negative,PASS,0.13572610006667674,1241 (21000): Operand should contain 1 column(s),"SELECT * FROM t_f071_9 WHERE salary = (SELECT id, salary FROM t_f071_9);"
TC1060,F071,Subquery in WHERE,Negative,PASS,0.1369519999716431,1241 (21000): Operand should contain 1 column(s),"SELECT * FROM t_f071_10 WHERE salary = (SELECT id, salary FROM t_f071_10);"
TC1061,F071,Subquery in WHERE,Edge,PASS,0.12392310006543994,,SELECT * FROM t_f071_11 WHERE salary > (SELECT AVG(salary) FROM t_f071_11) LIMIT 100;
TC1062,F071,Subquery in WHERE,Edge,PASS,0.19895040011033416,,SELECT * FROM t_f071_12 WHERE salary > (SELECT AVG(salary) FROM t_f071_12) LIMIT 100;
TC1063,F071,Subquery in WHERE,Edge,PASS,0.15408620005473495,,SELECT * FROM t_f071_13 WHERE salary > (SELECT AVG(salary) FROM t_f071_13) LIMIT 100;
TC1064,F071,Subquery in WHERE,Edge,PASS,0.10117979999631643,,SELECT * FROM t_f071_14 WHERE salary > (SELECT AVG(salary) FROM t_f071_14) LIMIT 100;
TC1065,F071,Subquery in WHERE,Edge,PASS,0.10038909991271794,,SELECT * FROM t_f071_15 WHERE salary > (SELECT AVG(salary) FROM t_f071_15) LIMIT 100;
TC1066,F072,Subquery in FROM,Positive,PASS,0.13299630000256002,,"SELECT d.id,d.avgsal FROM (SELECT id,AVG(salary) AS avgsal FROM t_f072_1 GROUP BY id) d;"
TC1067,F072,Subquery in FROM,Positive,PASS,0.13473419984802604,,"SELECT d.id,d.avgsal FROM (SELECT id,AVG(salary) AS avgsal FROM t_f072_2 GROUP BY id) d;"
TC1068,F072,Subquery in FROM,Positive,PASS,0.10995059995912015,,"SELECT d.id,d.avgsal FROM (SELECT id,AVG(salary) AS avgsal FROM t_f072_3 GROUP BY id) d;"
TC1069,F072,Subquery in FROM,Positive,PASS,0.16691869986243546,,"SELECT d.id,d.avgsal FROM (SELECT id,AVG(salary) AS avgsal FROM t_f072_4 GROUP BY id) d;"
TC1070,F072,Subquery in FROM,Positive,PASS,0.13855640008114278,,"SELECT d.id,d.avgsal FROM (SELECT id,AVG(salary) AS avgsal FROM t_f072_5 GROUP BY id) d;"
TC1071,F072,Subquery in FROM,Negative,PASS,0.11236319993622601,1248 (42000): Every derived table must have its own alias,SELECT * FROM (SELECT * FROM t_f072_6);
TC1072,F072,Subquery in FROM,Negative,PASS,0.12136880005709827,1248 (42000): Every derived table must have its own alias,SELECT * FROM (SELECT * FROM t_f072_7);
TC1073,F072,Subquery in FROM,Negative,PASS,0.11161520006135106,1248 (42000): Every derived table must have its own alias,SELECT * FROM (SELECT * FROM t_f072_8);
TC1074,F072,Subquery in FROM,Negative,PASS,0.1096238000318408,1248 (42000): Every derived table must have its own alias,SELECT * FROM (SELECT * FROM t_f072_9);
TC1075,F072,Subquery in FROM,Negative,PASS,0.11094220005907118,1248 (42000): Every derived table must have its own alias,SELECT * FROM (SELECT * FROM t_f072_10);
TC1076,F072,Subquery in FROM,Edge,PASS,0.13366469996981323,,"SELECT d.id,d.avgsal FROM (SELECT id,AVG(salary) AS avgsal FROM t_f072_11 GROUP BY id) d LIMIT 100;"
TC1077,F072,Subquery in FROM,Edge,PASS,0.18841189984232187,,"SELECT d.id,d.avgsal FROM (SELECT id,AVG(salary) AS avgsal FROM t_f072_12 GROUP BY id) d LIMIT 100;"
TC1078,F072,Subquery in FROM,Edge,PASS,0.16042430000379682,,"SELECT d.id,d.avgsal FROM (SELECT id,AVG(salary) AS avgsal FROM t_f072_13 GROUP BY id) d LIMIT 100;"
TC1079,F072,Subquery in FROM,Edge,PASS,0.09881650004535913,,"SELECT d.id,d.avgsal FROM (SELECT id,AVG(salary) AS avgsal FROM t_f072_14 GROUP BY id) d LIMIT 100;"
TC1080,F072,Subquery in FROM,Edge,PASS,0.1441774999257177,,"SELECT d.id,d.avgsal FROM (SELECT id,AVG(salary) AS avgsal FROM t_f072_15 GROUP BY id) d LIMIT 100;"
TC1081,F073,Subquery in SELECT,Positive,PASS,0.12779549998231232,,"SELECT name,(SELECT MAX(salary) FROM t_f073_1) AS max_salary FROM t_f073_1;"
TC1082,F073,Subquery in SELECT,Positive,PASS,0.13216409995220602,,"SELECT name,(SELECT MAX(salary) FROM t_f073_2) AS max_salary FROM t_f073_2;"
TC1083,F073,Subquery in SELECT,Positive,PASS,0.1069960999302566,,"SELECT name,(SELECT MAX(salary) FROM t_f073_3) AS max_salary FROM t_f073_3;"
TC1084,F073,Subquery in SELECT,Positive,PASS,0.13948490004986525,,"SELECT name,(SELECT MAX(salary) FROM t_f073_4) AS max_salary FROM t_f073_4;"
TC1085,F073,Subquery in SELECT,Positive,PASS,0.22767849988304079,,"SELECT name,(SELECT MAX(salary) FROM t_f073_5) AS max_salary FROM t_f073_5;"
TC1086,F073,Subquery in SELECT,Negative,PASS,0.13699560007080436,1242 (21000): Subquery returns more than 1 row,"SELECT name,(SELECT salary FROM t_f073_6) AS sal FROM t_f073_6 LIMIT 1;"
TC1087,F073,Subquery in SELECT,Negative,PASS,0.10342950001358986,1242 (21000): Subquery returns more than 1 row,"SELECT name,(SELECT salary FROM t_f073_7) AS sal FROM t_f073_7 LIMIT 1;"
TC1088,F073,Subquery in SELECT,Negative,PASS,0.14542600000277162,1242 (21000): Subquery returns more than 1 row,"SELECT name,(SELECT salary FROM t_f073_8) AS sal FROM t_f073_8 LIMIT 1;"
TC1089,F073,Subquery in SELECT,Negative,PASS,0.13804909982718527,1242 (21000): Subquery returns more than 1 row,"SELECT name,(SELECT salary FROM t_f073_9) AS sal FROM t_f073_9 LIMIT 1;"
TC1090,F073,Subquery in SELECT,Negative,PASS,0.11210400005802512,1242 (21000): Subquery returns more than 1 row,"SELECT name,(SELECT salary FROM t_f073_10) AS sal FROM t_f073_10 LIMIT 1;"
TC1091,F073,Subquery in SELECT,Edge,PASS,0.15012210002169013,,"SELECT name,(SELECT MAX(salary) FROM t_f073_11) AS max_salary FROM t_f073_11 LIMIT 100;"
TC1092,F073,Subquery in SELECT,Edge,PASS,0.17785850004293025,,"SELECT name,(SELECT MAX(salary) FROM t_f073_12) AS max_salary FROM t_f073_12 LIMIT 100;"
TC1093,F073,Subquery in SELECT,Edge,PASS,0.11997459991835058,,"SELECT name,(SELECT MAX(salary) FROM t_f073_13) AS max_salary FROM t_f073_13 LIMIT 100;"
TC1094,F073,Subquery in SELECT,Edge,PASS,0.15413099993020296,,"SELECT name,(SELECT MAX(salary) FROM t_f073_14) AS max_salary FROM t_f073_14 LIMIT 100;"
TC1095,F073,Subquery in SELECT,Edge,PASS,0.13397999992594123,,"SELECT name,(SELECT MAX(salary) FROM t_f073_15) AS max_salary FROM t_f073_15 LIMIT 100;"
TC1096,F074,IN with subquery,Positive,PASS,0.10617749998345971,,SELECT * FROM t_f074_1 WHERE id IN (SELECT id FROM t_f074_1 WHERE salary >= 45000);
TC1097,F074,IN with subquery,Positive,PASS,0.0879180000629276,,SELECT * FROM t_f074_2 WHERE id IN (SELECT id FROM t_f074_2 WHERE salary >= 45000);
TC1098,F074,IN with subquery,Positive,PASS,0.10073409997858107,,SELECT * FROM t_f074_3 WHERE id IN (SELECT id FROM t_f074_3 WHERE salary >= 45000);
TC1099,F074,IN with subquery,Positive,PASS,0.10054689995013177,,SELECT * FROM t_f074_4 WHERE id IN (SELECT id FROM t_f074_4 WHERE salary >= 45000);
TC1100,F074,IN with subquery,Positive,PASS,0.19119379995390773,,SELECT * FROM t_f074_5 WHERE id IN (SELECT id FROM t_f074_5 WHERE salary >= 45000);
TC1101,F074,IN with subquery,Negative,PASS,0.13360990001820028,1241 (21000): Operand should contain 1 column(s),"SELECT * FROM t_f074_6 WHERE id IN (SELECT id,salary FROM t_f074_6);"
TC1102,F074,IN with subquery,Negative,PASS,0.11036840011365712,1241 (21000): Operand should contain 1 column(s),"SELECT * FROM t_f074_7 WHERE id IN (SELECT id,salary FROM t_f074_7);"
TC1103,F074,IN with subquery,Negative,PASS,0.0942374998703599,1241 (21000): Operand should contain 1 column(s),"SELECT * FROM t_f074_8 WHERE id IN (SELECT id,salary FROM t_f074_8);"
TC1104,F074,IN with subquery,Negative,PASS,0.11955279996618629,1241 (21000): Operand should contain 1 column(s),"SELECT * FROM t_f074_9 WHERE id IN (SELECT id,salary FROM t_f074_9);"
TC1105,F074,IN with subquery,Negative,PASS,0.14242859999649227,1241 (21000): Operand should contain 1 column(s),"SELECT * FROM t_f074_10 WHERE id IN (SELECT id,salary FROM t_f074_10);"
TC1106,F074,IN with subquery,Edge,PASS,0.1470861998386681,,SELECT * FROM t_f074_11 WHERE id IN (SELECT id FROM t_f074_11 WHERE salary >= 45000) LIMIT 100;
TC1107,F074,IN with subquery,Edge,PASS,0.14655409986153245,,SELECT * FROM t_f074_12 WHERE id IN (SELECT id FROM t_f074_12 WHERE salary >= 45000) LIMIT 100;
TC1108,F074,IN with subquery,Edge,PASS,0.1669776001945138,,SELECT * FROM t_f074_13 WHERE id IN (SELECT id FROM t_f074_13 WHERE salary >= 45000) LIMIT 100;
TC1109,F074,IN with subquery,Edge,PASS,0.10758060007356107,,SELECT * FROM t_f074_14 WHERE id IN (SELECT id FROM t_f074_14 WHERE salary >= 45000) LIMIT 100;
TC1110,F074,IN with subquery,Edge,PASS,0.12023939983919263,,SELECT * FROM t_f074_15 WHERE id IN (SELECT id FROM t_f074_15 WHERE salary >= 45000) LIMIT 100;
TC1111,F075,NOT IN with subquery,Positive,PASS,0.10302949999459088,,SELECT * FROM t_f075_1 WHERE id NOT IN (SELECT id FROM t_f075_1 WHERE id=9999);
TC1112,F075,NOT IN with subquery,Positive,PASS,0.12722710007801652,,SELECT * FROM t_f075_2 WHERE id NOT IN (SELECT id FROM t_f075_2 WHERE id=9999);
TC1113,F075,NOT IN with subquery,Positive,PASS,0.13240629993379116,,SELECT * FROM t_f075_3 WHERE id NOT IN (SELECT id FROM t_f075_3 WHERE id=9999);
TC1114,F075,NOT IN with subquery,Positive,PASS,0.13626130018383265,,SELECT * FROM t_f075_4 WHERE id NOT IN (SELECT id FROM t_f075_4 WHERE id=9999);
TC1115,F075,NOT IN with subquery,Positive,PASS,0.19757700012996793,,SELECT * FROM t_f075_5 WHERE id NOT IN (SELECT id FROM t_f075_5 WHERE id=9999);
TC1116,F075,NOT IN with subquery,Negative,PASS,0.13601529994048178,1241 (21000): Operand should contain 1 column(s),"SELECT * FROM t_f075_6 WHERE id NOT IN (SELECT id,salary FROM t_f075_6);"
TC1117,F075,NOT IN with subquery,Negative,PASS,0.14771399996243417,1241 (21000): Operand should contain 1 column(s),"SELECT * FROM t_f075_7 WHERE id NOT IN (SELECT id,salary FROM t_f075_7);"
TC1118,F075,NOT IN with subquery,Negative,PASS,0.09248810005374253,1241 (21000): Operand should contain 1 column(s),"SELECT * FROM t_f075_8 WHERE id NOT IN (SELECT id,salary FROM t_f075_8);"
TC1119,F075,NOT IN with subquery,Negative,PASS,0.1277840998955071,1241 (21000): Operand should contain 1 column(s),"SELECT * FROM t_f075_9 WHERE id NOT IN (SELECT id,salary FROM t_f075_9);"
TC1120,F075,NOT IN with subquery,Negative,PASS,0.13683139998465776,1241 (21000): Operand should contain 1 column(s),"SELECT * FROM t_f075_10 WHERE id NOT IN (SELECT id,salary FROM t_f075_10);"
TC1121,F075,NOT IN with subquery,Edge,PASS,0.11138370004482567,,SELECT * FROM t_f075_11 WHERE id NOT IN (SELECT id FROM t_f075_11 WHERE id=9999) LIMIT 100;
TC1122,F075,NOT IN with subquery,Edge,PASS,0.1976503999903798,,SELECT * FROM t_f075_12 WHERE id NOT IN (SELECT id FROM t_f075_12 WHERE id=9999) LIMIT 100;
TC1123,F075,NOT IN with subquery,Edge,PASS,0.16202430007979274,,SELECT * FROM t_f075_13 WHERE id NOT IN (SELECT id FROM t_f075_13 WHERE id=9999) LIMIT 100;
TC1124,F075,NOT IN with subquery,Edge,PASS,0.13732119998894632,,SELECT * FROM t_f075_14 WHERE id NOT IN (SELECT id FROM t_f075_14 WHERE id=9999) LIMIT 100;
TC1125,F075,NOT IN with subquery,Edge,PASS,0.14529610006138682,,SELECT * FROM t_f075_15 WHERE id NOT IN (SELECT id FROM t_f075_15 WHERE id=9999) LIMIT 100;
TC1126,F076,EXISTS,Positive,PASS,0.11291419994086027,,SELECT * FROM t_f076_1 x WHERE EXISTS (SELECT 1 FROM t_f076_1 y WHERE y.id=x.id);
TC1127,F076,EXISTS,Positive,PASS,0.14015799993649125,,SELECT * FROM t_f076_2 x WHERE EXISTS (SELECT 1 FROM t_f076_2 y WHERE y.id=x.id);
TC1128,F076,EXISTS,Positive,PASS,0.15401119994930923,,SELECT * FROM t_f076_3 x WHERE EXISTS (SELECT 1 FROM t_f076_3 y WHERE y.id=x.id);
TC1129,F076,EXISTS,Positive,PASS,0.20796400005929172,,SELECT * FROM t_f076_4 x WHERE EXISTS (SELECT 1 FROM t_f076_4 y WHERE y.id=x.id);
TC1130,F076,EXISTS,Positive,PASS,0.19452999997884035,,SELECT * FROM t_f076_5 x WHERE EXISTS (SELECT 1 FROM t_f076_5 y WHERE y.id=x.id);
TC1131,F076,EXISTS,Negative,PASS,0.1899295998737216,1054 (42S22): Unknown column 'y.missing_col' in 'where clause',SELECT * FROM t_f076_6 x WHERE EXISTS (SELECT 1 FROM t_f076_6 y WHERE y.missing_col=x.id);
TC1132,F076,EXISTS,Negative,PASS,0.13112749997526407,1054 (42S22): Unknown column 'y.missing_col' in 'where clause',SELECT * FROM t_f076_7 x WHERE EXISTS (SELECT 1 FROM t_f076_7 y WHERE y.missing_col=x.id);
TC1133,F076,EXISTS,Negative,PASS,0.10671170009300113,1054 (42S22): Unknown column 'y.missing_col' in 'where clause',SELECT * FROM t_f076_8 x WHERE EXISTS (SELECT 1 FROM t_f076_8 y WHERE y.missing_col=x.id);
TC1134,F076,EXISTS,Negative,PASS,0.12539099995046854,1054 (42S22): Unknown column 'y.missing_col' in 'where clause',SELECT * FROM t_f076_9 x WHERE EXISTS (SELECT 1 FROM t_f076_9 y WHERE y.missing_col=x.id);
TC1135,F076,EXISTS,Negative,PASS,0.18128799996338785,1054 (42S22): Unknown column 'y.missing_col' in 'where clause',SELECT * FROM t_f076_10 x WHERE EXISTS (SELECT 1 FROM t_f076_10 y WHERE y.missing_col=x.id);
TC1136,F076,EXISTS,Edge,PASS,0.15549469995312393,,SELECT * FROM t_f076_11 x WHERE EXISTS (SELECT 1 FROM t_f076_11 y WHERE y.id=x.id);
TC1137,F076,EXISTS,Edge,PASS,0.10954959993250668,,SELECT * FROM t_f076_12 x WHERE EXISTS (SELECT 1 FROM t_f076_12 y WHERE y.id=x.id);
TC1138,F076,EXISTS,Edge,PASS,0.13275659992359579,,SELECT * FROM t_f076_13 x WHERE EXISTS (SELECT 1 FROM t_f076_13 y WHERE y.id=x.id);
TC1139,F076,EXISTS,Edge,PASS,0.1351719000376761,,SELECT * FROM t_f076_14 x WHERE EXISTS (SELECT 1 FROM t_f076_14 y WHERE y.id=x.id);
TC1140,F076,EXISTS,Edge,PASS,0.11887639993801713,,SELECT * FROM t_f076_15 x WHERE EXISTS (SELECT 1 FROM t_f076_15 y WHERE y.id=x.id);
TC1141,F077,NOT EXISTS,Positive,PASS,0.12850599992088974,,SELECT * FROM t_f077_1 x WHERE NOT EXISTS (SELECT 1 FROM t_f077_1 y WHERE y.id=9999);
TC1142,F077,NOT EXISTS,Positive,PASS,0.10681509994901717,,SELECT * FROM t_f077_2 x WHERE NOT EXISTS (SELECT 1 FROM t_f077_2 y WHERE y.id=9999);
TC1143,F077,NOT EXISTS,Positive,PASS,0.19428579998202622,,SELECT * FROM t_f077_3 x WHERE NOT EXISTS (SELECT 1 FROM t_f077_3 y WHERE y.id=9999);
TC1144,F077,NOT EXISTS,Positive,PASS,0.14486479992046952,,SELECT * FROM t_f077_4 x WHERE NOT EXISTS (SELECT 1 FROM t_f077_4 y WHERE y.id=9999);
TC1145,F077,NOT EXISTS,Positive,PASS,0.12717370013706386,,SELECT * FROM t_f077_5 x WHERE NOT EXISTS (SELECT 1 FROM t_f077_5 y WHERE y.id=9999);
TC1146,F077,NOT EXISTS,Negative,PASS,0.11420530010946095,1146 (42S02): Table 'ai_testing_group1.missing_t_f077_6' doesn't exist,SELECT * FROM t_f077_6 x WHERE NOT EXISTS (SELECT 1 FROM missing_t_f077_6 y WHERE y.id=x.id);
TC1147,F077,NOT EXISTS,Negative,PASS,0.09626420005224645,1146 (42S02): Table 'ai_testing_group1.missing_t_f077_7' doesn't exist,SELECT * FROM t_f077_7 x WHERE NOT EXISTS (SELECT 1 FROM missing_t_f077_7 y WHERE y.id=x.id);
TC1148,F077,NOT EXISTS,Negative,PASS,0.12929089996032417,1146 (42S02): Table 'ai_testing_group1.missing_t_f077_8' doesn't exist,SELECT * FROM t_f077_8 x WHERE NOT EXISTS (SELECT 1 FROM missing_t_f077_8 y WHERE y.id=x.id);
TC1149,F077,NOT EXISTS,Negative,PASS,0.140021099941805,1146 (42S02): Table 'ai_testing_group1.missing_t_f077_9' doesn't exist,SELECT * FROM t_f077_9 x WHERE NOT EXISTS (SELECT 1 FROM missing_t_f077_9 y WHERE y.id=x.id);
TC1150,F077,NOT EXISTS,Negative,PASS,0.19979249988682568,1146 (42S02): Table 'ai_testing_group1.missing_t_f077_10' doesn't exist,SELECT * FROM t_f077_10 x WHERE NOT EXISTS (SELECT 1 FROM missing_t_f077_10 y WHERE y.id=x.id);
TC1151,F077,NOT EXISTS,Edge,PASS,0.13809349993243814,,SELECT * FROM t_f077_11 x WHERE NOT EXISTS (SELECT 1 FROM t_f077_11 y WHERE y.id=9999);
TC1152,F077,NOT EXISTS,Edge,PASS,0.12668110011145473,,SELECT * FROM t_f077_12 x WHERE NOT EXISTS (SELECT 1 FROM t_f077_12 y WHERE y.id=9999);
TC1153,F077,NOT EXISTS,Edge,PASS,0.1722648001741618,,SELECT * FROM t_f077_13 x WHERE NOT EXISTS (SELECT 1 FROM t_f077_13 y WHERE y.id=9999);
TC1154,F077,NOT EXISTS,Edge,PASS,0.129202299984172,,SELECT * FROM t_f077_14 x WHERE NOT EXISTS (SELECT 1 FROM t_f077_14 y WHERE y.id=9999);
TC1155,F077,NOT EXISTS,Edge,PASS,0.11986249987967312,,SELECT * FROM t_f077_15 x WHERE NOT EXISTS (SELECT 1 FROM t_f077_15 y WHERE y.id=9999);
TC1156,F078,UNION,Positive,PASS,0.13257090002298355,,SELECT name FROM t_f078_1 WHERE id=1 UNION SELECT name FROM t_f078_1 WHERE id=2;
TC1157,F078,UNION,Positive,PASS,0.16812909999862313,,SELECT name FROM t_f078_2 WHERE id=1 UNION SELECT name FROM t_f078_2 WHERE id=2;
TC1158,F078,UNION,Positive,PASS,0.13784669991582632,,SELECT name FROM t_f078_3 WHERE id=1 UNION SELECT name FROM t_f078_3 WHERE id=2;
TC1159,F078,UNION,Positive,PASS,0.11290909978561103,,SELECT name FROM t_f078_4 WHERE id=1 UNION SELECT name FROM t_f078_4 WHERE id=2;
TC1160,F078,UNION,Positive,PASS,0.13497160002589226,,SELECT name FROM t_f078_5 WHERE id=1 UNION SELECT name FROM t_f078_5 WHERE id=2;
TC1161,F078,UNION,Negative,PASS,0.15361190005205572,1222 (21000): The used SELECT statements have a different number of columns,"SELECT name FROM t_f078_6 UNION SELECT id,name FROM t_f078_6;"
TC1162,F078,UNION,Negative,PASS,0.1430454000364989,1222 (21000): The used SELECT statements have a different number of columns,"SELECT name FROM t_f078_7 UNION SELECT id,name FROM t_f078_7;"
TC1163,F078,UNION,Negative,PASS,0.1219951999373734,1222 (21000): The used SELECT statements have a different number of columns,"SELECT name FROM t_f078_8 UNION SELECT id,name FROM t_f078_8;"
TC1164,F078,UNION,Negative,PASS,0.11750920000486076,1222 (21000): The used SELECT statements have a different number of columns,"SELECT name FROM t_f078_9 UNION SELECT id,name FROM t_f078_9;"
TC1165,F078,UNION,Negative,PASS,0.19027479994110763,1222 (21000): The used SELECT statements have a different number of columns,"SELECT name FROM t_f078_10 UNION SELECT id,name FROM t_f078_10;"
TC1166,F078,UNION,Edge,PASS,0.1407022001221776,,SELECT name FROM t_f078_11 WHERE id=1 UNION SELECT name FROM t_f078_11 WHERE id=2;
TC1167,F078,UNION,Edge,PASS,0.10888929991051555,,SELECT name FROM t_f078_12 WHERE id=1 UNION SELECT name FROM t_f078_12 WHERE id=2;
TC1168,F078,UNION,Edge,PASS,0.12880320008844137,,SELECT name FROM t_f078_13 WHERE id=1 UNION SELECT name FROM t_f078_13 WHERE id=2;
TC1169,F078,UNION,Edge,PASS,0.1197481001727283,,SELECT name FROM t_f078_14 WHERE id=1 UNION SELECT name FROM t_f078_14 WHERE id=2;
TC1170,F078,UNION,Edge,PASS,0.12776689999736845,,SELECT name FROM t_f078_15 WHERE id=1 UNION SELECT name FROM t_f078_15 WHERE id=2;
TC1171,F079,UNION ALL,Positive,PASS,0.11209980002604425,,SELECT name FROM t_f079_1 WHERE id=1 UNION ALL SELECT name FROM t_f079_1 WHERE id=1;
TC1172,F079,UNION ALL,Positive,PASS,0.1694487000349909,,SELECT name FROM t_f079_2 WHERE id=1 UNION ALL SELECT name FROM t_f079_2 WHERE id=1;
TC1173,F079,UNION ALL,Positive,PASS,0.18272789986804128,,SELECT name FROM t_f079_3 WHERE id=1 UNION ALL SELECT name FROM t_f079_3 WHERE id=1;
TC1174,F079,UNION ALL,Positive,PASS,0.09745369991287589,,SELECT name FROM t_f079_4 WHERE id=1 UNION ALL SELECT name FROM t_f079_4 WHERE id=1;
TC1175,F079,UNION ALL,Positive,PASS,0.1356833002064377,,SELECT name FROM t_f079_5 WHERE id=1 UNION ALL SELECT name FROM t_f079_5 WHERE id=1;
TC1176,F079,UNION ALL,Negative,PASS,0.22071259981021285,1222 (21000): The used SELECT statements have a different number of columns,"SELECT name FROM t_f079_6 UNION ALL SELECT id,name FROM t_f079_6;"
TC1177,F079,UNION ALL,Negative,PASS,0.1268016998656094,1222 (21000): The used SELECT statements have a different number of columns,"SELECT name FROM t_f079_7 UNION ALL SELECT id,name FROM t_f079_7;"
TC1178,F079,UNION ALL,Negative,PASS,0.10572979995049536,1222 (21000): The used SELECT statements have a different number of columns,"SELECT name FROM t_f079_8 UNION ALL SELECT id,name FROM t_f079_8;"
TC1179,F079,UNION ALL,Negative,PASS,0.18199410010129213,1222 (21000): The used SELECT statements have a different number of columns,"SELECT name FROM t_f079_9 UNION ALL SELECT id,name FROM t_f079_9;"
TC1180,F079,UNION ALL,Negative,PASS,0.11171730002388358,1222 (21000): The used SELECT statements have a different number of columns,"SELECT name FROM t_f079_10 UNION ALL SELECT id,name FROM t_f079_10;"
TC1181,F079,UNION ALL,Edge,PASS,0.09721640008501709,,SELECT name FROM t_f079_11 WHERE id=1 UNION ALL SELECT name FROM t_f079_11 WHERE id=1;
TC1182,F079,UNION ALL,Edge,PASS,0.10929930000565946,,SELECT name FROM t_f079_12 WHERE id=1 UNION ALL SELECT name FROM t_f079_12 WHERE id=1;
TC1183,F079,UNION ALL,Edge,PASS,0.11238589999265969,,SELECT name FROM t_f079_13 WHERE id=1 UNION ALL SELECT name FROM t_f079_13 WHERE id=1;
TC1184,F079,UNION ALL,Edge,PASS,0.1214274000376463,,SELECT name FROM t_f079_14 WHERE id=1 UNION ALL SELECT name FROM t_f079_14 WHERE id=1;
TC1185,F079,UNION ALL,Edge,PASS,0.09666420007124543,,SELECT name FROM t_f079_15 WHERE id=1 UNION ALL SELECT name FROM t_f079_15 WHERE id=1;
TC1186,F080,Common Table Expressions / WITH,Positive,PASS,0.1335296998731792,,WITH x AS (SELECT * FROM t_f080_1) SELECT * FROM x;
TC1187,F080,Common Table Expressions / WITH,Positive,PASS,0.16801230004057288,,WITH x AS (SELECT * FROM t_f080_2) SELECT * FROM x;
TC1188,F080,Common Table Expressions / WITH,Positive,PASS,0.17762400000356138,,WITH x AS (SELECT * FROM t_f080_3) SELECT * FROM x;
TC1189,F080,Common Table Expressions / WITH,Positive,PASS,0.10512350010685623,,WITH x AS (SELECT * FROM t_f080_4) SELECT * FROM x;
TC1190,F080,Common Table Expressions / WITH,Positive,PASS,0.13491759984754026,,WITH x AS (SELECT * FROM t_f080_5) SELECT * FROM x;
TC1191,F080,Common Table Expressions / WITH,Negative,PASS,0.12997220014221966,1146 (42S02): Table 'ai_testing_group1.missing_cte_6' doesn't exist,WITH x AS (SELECT * FROM t_f080_6) SELECT * FROM missing_cte_6;
TC1192,F080,Common Table Expressions / WITH,Negative,PASS,0.12797280005179346,1146 (42S02): Table 'ai_testing_group1.missing_cte_7' doesn't exist,WITH x AS (SELECT * FROM t_f080_7) SELECT * FROM missing_cte_7;
TC1193,F080,Common Table Expressions / WITH,Negative,PASS,0.09801160008646548,1146 (42S02): Table 'ai_testing_group1.missing_cte_8' doesn't exist,WITH x AS (SELECT * FROM t_f080_8) SELECT * FROM missing_cte_8;
TC1194,F080,Common Table Expressions / WITH,Negative,PASS,0.12604379979893565,1146 (42S02): Table 'ai_testing_group1.missing_cte_9' doesn't exist,WITH x AS (SELECT * FROM t_f080_9) SELECT * FROM missing_cte_9;
TC1195,F080,Common Table Expressions / WITH,Negative,PASS,0.204230000032112,1146 (42S02): Table 'ai_testing_group1.missing_cte_10' doesn't exist,WITH x AS (SELECT * FROM t_f080_10) SELECT * FROM missing_cte_10;
TC1196,F080,Common Table Expressions / WITH,Edge,PASS,0.11654270021244884,,WITH x AS (SELECT * FROM t_f080_11) SELECT * FROM x;
TC1197,F080,Common Table Expressions / WITH,Edge,PASS,0.10709669999778271,,WITH x AS (SELECT * FROM t_f080_12) SELECT * FROM x;
TC1198,F080,Common Table Expressions / WITH,Edge,PASS,0.11264130007475615,,WITH x AS (SELECT * FROM t_f080_13) SELECT * FROM x;
TC1199,F080,Common Table Expressions / WITH,Edge,PASS,0.09693040000274777,,WITH x AS (SELECT * FROM t_f080_14) SELECT * FROM x;
TC1200,F080,Common Table Expressions / WITH,Edge,PASS,0.12536399997770786,,WITH x AS (SELECT * FROM t_f080_15) SELECT * FROM x;
TC1201,F081,PRIMARY KEY,Positive,PASS,0.07334540016017854,,"INSERT INTO t_f081_1 VALUES (1,'V0');"
TC1202,F081,PRIMARY KEY,Positive,PASS,0.07402119995094836,,"INSERT INTO t_f081_2 VALUES (2,'V1');"
TC1203,F081,PRIMARY KEY,Positive,PASS,0.09386249980889261,,"INSERT INTO t_f081_3 VALUES (3,'V2');"
TC1204,F081,PRIMARY KEY,Positive,PASS,0.13763499981723726,,"INSERT INTO t_f081_4 VALUES (4,'V3');"
TC1205,F081,PRIMARY KEY,Positive,PASS,0.0941902999766171,,"INSERT INTO t_f081_5 VALUES (5,'V4');"
TC1206,F081,PRIMARY KEY,Negative,PASS,0.07427829992957413,1062 (23000): Duplicate entry '1' for key 't_f081_6.PRIMARY',"INSERT INTO t_f081_6 VALUES (1,'A'),(1,'B');"
TC1207,F081,PRIMARY KEY,Negative,PASS,0.08026410010643303,1062 (23000): Duplicate entry '1' for key 't_f081_7.PRIMARY',"INSERT INTO t_f081_7 VALUES (1,'A'),(1,'B');"
TC1208,F081,PRIMARY KEY,Negative,PASS,0.07277299999259412,1062 (23000): Duplicate entry '1' for key 't_f081_8.PRIMARY',"INSERT INTO t_f081_8 VALUES (1,'A'),(1,'B');"
TC1209,F081,PRIMARY KEY,Negative,PASS,0.05852019996382296,1062 (23000): Duplicate entry '1' for key 't_f081_9.PRIMARY',"INSERT INTO t_f081_9 VALUES (1,'A'),(1,'B');"
TC1210,F081,PRIMARY KEY,Negative,PASS,0.06933779991231859,1062 (23000): Duplicate entry '1' for key 't_f081_10.PRIMARY',"INSERT INTO t_f081_10 VALUES (1,'A'),(1,'B');"
TC1211,F081,PRIMARY KEY,Edge,PASS,0.0697514999192208,,"INSERT INTO t_f081_11 VALUES (11,'V10');"
TC1212,F081,PRIMARY KEY,Edge,PASS,0.08326600003056228,,"INSERT INTO t_f081_12 VALUES (12,'V11');"
TC1213,F081,PRIMARY KEY,Edge,PASS,0.07965310011059046,,"INSERT INTO t_f081_13 VALUES (13,'V12');"
TC1214,F081,PRIMARY KEY,Edge,PASS,0.06949739996343851,,"INSERT INTO t_f081_14 VALUES (14,'V13');"
TC1215,F081,PRIMARY KEY,Edge,PASS,0.08817710005678236,,"INSERT INTO t_f081_15 VALUES (15,'V14');"
TC1216,F082,Composite PRIMARY KEY,Positive,PASS,0.14865490002557635,,"INSERT INTO t_f082_1 VALUES (1,1,'V0');"
TC1217,F082,Composite PRIMARY KEY,Positive,PASS,0.1018298000562936,,"INSERT INTO t_f082_2 VALUES (1,2,'V1');"
TC1218,F082,Composite PRIMARY KEY,Positive,PASS,0.08383300015702844,,"INSERT INTO t_f082_3 VALUES (1,3,'V2');"
TC1219,F082,Composite PRIMARY KEY,Positive,PASS,0.07550049992278218,,"INSERT INTO t_f082_4 VALUES (1,4,'V3');"
TC1220,F082,Composite PRIMARY KEY,Positive,PASS,0.07101870002225041,,"INSERT INTO t_f082_5 VALUES (1,5,'V4');"
TC1221,F082,Composite PRIMARY KEY,Negative,PASS,0.07590449997223914,1062 (23000): Duplicate entry '1-1' for key 't_f082_6.PRIMARY',"INSERT INTO t_f082_6 VALUES (1,1,'A'),(1,1,'B');"
TC1222,F082,Composite PRIMARY KEY,Negative,PASS,0.0672749001532793,1062 (23000): Duplicate entry '1-1' for key 't_f082_7.PRIMARY',"INSERT INTO t_f082_7 VALUES (1,1,'A'),(1,1,'B');"
TC1223,F082,Composite PRIMARY KEY,Negative,PASS,0.07124429987743497,1062 (23000): Duplicate entry '1-1' for key 't_f082_8.PRIMARY',"INSERT INTO t_f082_8 VALUES (1,1,'A'),(1,1,'B');"
TC1224,F082,Composite PRIMARY KEY,Negative,PASS,0.061339000007137656,1062 (23000): Duplicate entry '1-1' for key 't_f082_9.PRIMARY',"INSERT INTO t_f082_9 VALUES (1,1,'A'),(1,1,'B');"
TC1225,F082,Composite PRIMARY KEY,Negative,PASS,0.06935139978304505,1062 (23000): Duplicate entry '1-1' for key 't_f082_10.PRIMARY',"INSERT INTO t_f082_10 VALUES (1,1,'A'),(1,1,'B');"
TC1226,F082,Composite PRIMARY KEY,Edge,PASS,0.12235479988157749,,"INSERT INTO t_f082_11 VALUES (1,11,'V10');"
TC1227,F082,Composite PRIMARY KEY,Edge,PASS,0.11435799999162555,,"INSERT INTO t_f082_12 VALUES (1,12,'V11');"
TC1228,F082,Composite PRIMARY KEY,Edge,PASS,0.14004830014891922,,"INSERT INTO t_f082_13 VALUES (1,13,'V12');"
TC1229,F082,Composite PRIMARY KEY,Edge,PASS,0.07716490002349019,,"INSERT INTO t_f082_14 VALUES (1,14,'V13');"
TC1230,F082,Composite PRIMARY KEY,Edge,PASS,0.08021980011835694,,"INSERT INTO t_f082_15 VALUES (1,15,'V14');"
TC1231,F083,FOREIGN KEY,Positive,PASS,0.19405409996397793,,"INSERT INTO t_f083_1_c VALUES (1,1);"
TC1232,F083,FOREIGN KEY,Positive,PASS,0.1739506998565048,,"INSERT INTO t_f083_2_c VALUES (1,1);"
TC1233,F083,FOREIGN KEY,Positive,PASS,0.18997210008092225,,"INSERT INTO t_f083_3_c VALUES (1,1);"
TC1234,F083,FOREIGN KEY,Positive,PASS,0.28640029998496175,,"INSERT INTO t_f083_4_c VALUES (1,1);"
TC1235,F083,FOREIGN KEY,Positive,PASS,0.33168890001252294,,"INSERT INTO t_f083_5_c VALUES (1,1);"
TC1236,F083,FOREIGN KEY,Negative,PASS,0.19735489995218813,"1452 (23000): Cannot add or update a child row: a foreign key constraint fails (`ai_testing_group1`.`t_f083_6_c`, CONSTRAINT `t_f083_6_c_ibfk_1` FOREIGN KEY (`pid`) REFERENCES `t_f083_6_p` (`id`))","INSERT INTO t_f083_6_c VALUES (1,9999);"
TC1237,F083,FOREIGN KEY,Negative,PASS,0.17778490018099546,"1452 (23000): Cannot add or update a child row: a foreign key constraint fails (`ai_testing_group1`.`t_f083_7_c`, CONSTRAINT `t_f083_7_c_ibfk_1` FOREIGN KEY (`pid`) REFERENCES `t_f083_7_p` (`id`))","INSERT INTO t_f083_7_c VALUES (1,9999);"
TC1238,F083,FOREIGN KEY,Negative,PASS,0.2737706999760121,"1452 (23000): Cannot add or update a child row: a foreign key constraint fails (`ai_testing_group1`.`t_f083_8_c`, CONSTRAINT `t_f083_8_c_ibfk_1` FOREIGN KEY (`pid`) REFERENCES `t_f083_8_p` (`id`))","INSERT INTO t_f083_8_c VALUES (1,9999);"
TC1239,F083,FOREIGN KEY,Negative,PASS,0.20077120000496507,"1452 (23000): Cannot add or update a child row: a foreign key constraint fails (`ai_testing_group1`.`t_f083_9_c`, CONSTRAINT `t_f083_9_c_ibfk_1` FOREIGN KEY (`pid`) REFERENCES `t_f083_9_p` (`id`))","INSERT INTO t_f083_9_c VALUES (1,9999);"
TC1240,F083,FOREIGN KEY,Negative,PASS,0.1825825001578778,"1452 (23000): Cannot add or update a child row: a foreign key constraint fails (`ai_testing_group1`.`t_f083_10_c`, CONSTRAINT `t_f083_10_c_ibfk_1` FOREIGN KEY (`pid`) REFERENCES `t_f083_10_p` (`id`))","INSERT INTO t_f083_10_c VALUES (1,9999);"
TC1241,F083,FOREIGN KEY,Edge,PASS,0.21036319993436337,,"INSERT INTO t_f083_11_c VALUES (1,1);"
TC1242,F083,FOREIGN KEY,Edge,PASS,0.19866669992916286,,"INSERT INTO t_f083_12_c VALUES (1,1);"
TC1243,F083,FOREIGN KEY,Edge,PASS,0.31203499995172024,,"INSERT INTO t_f083_13_c VALUES (1,1);"
TC1244,F083,FOREIGN KEY,Edge,PASS,0.21894880011677742,,"INSERT INTO t_f083_14_c VALUES (1,1);"
TC1245,F083,FOREIGN KEY,Edge,PASS,0.20578880002722144,,"INSERT INTO t_f083_15_c VALUES (1,1);"
TC1246,F084,UNIQUE constraint,Positive,PASS,0.14492049999535084,,"INSERT INTO t_f084_1 VALUES (1,'U0');"
TC1247,F084,UNIQUE constraint,Positive,PASS,0.1369487999472767,,"INSERT INTO t_f084_2 VALUES (2,'U1');"
TC1248,F084,UNIQUE constraint,Positive,PASS,0.23573109996505082,,"INSERT INTO t_f084_3 VALUES (3,'U2');"
TC1249,F084,UNIQUE constraint,Positive,PASS,0.11687769996933639,,"INSERT INTO t_f084_4 VALUES (4,'U3');"
TC1250,F084,UNIQUE constraint,Positive,PASS,0.12809789995662868,,"INSERT INTO t_f084_5 VALUES (5,'U4');"
TC1251,F084,UNIQUE constraint,Negative,PASS,0.14454389992170036,1062 (23000): Duplicate entry 'U' for key 't_f084_6.code',"INSERT INTO t_f084_6 VALUES (1,'U'),(2,'U');"
TC1252,F084,UNIQUE constraint,Negative,PASS,0.11797889997251332,1062 (23000): Duplicate entry 'U' for key 't_f084_7.code',"INSERT INTO t_f084_7 VALUES (1,'U'),(2,'U');"
TC1253,F084,UNIQUE constraint,Negative,PASS,0.1134984998498112,1062 (23000): Duplicate entry 'U' for key 't_f084_8.code',"INSERT INTO t_f084_8 VALUES (1,'U'),(2,'U');"
TC1254,F084,UNIQUE constraint,Negative,PASS,0.12547760014422238,1062 (23000): Duplicate entry 'U' for key 't_f084_9.code',"INSERT INTO t_f084_9 VALUES (1,'U'),(2,'U');"
TC1255,F084,UNIQUE constraint,Negative,PASS,0.19486729986965656,1062 (23000): Duplicate entry 'U' for key 't_f084_10.code',"INSERT INTO t_f084_10 VALUES (1,'U'),(2,'U');"
TC1256,F084,UNIQUE constraint,Edge,PASS,0.26132640009745955,,"INSERT INTO t_f084_11 VALUES (11,'U10');"
TC1257,F084,UNIQUE constraint,Edge,PASS,0.138744099996984,,"INSERT INTO t_f084_12 VALUES (12,'U11');"
TC1258,F084,UNIQUE constraint,Edge,PASS,0.12664209981448948,,"INSERT INTO t_f084_13 VALUES (13,'U12');"
TC1259,F084,UNIQUE constraint,Edge,PASS,0.1412297000642866,,"INSERT INTO t_f084_14 VALUES (14,'U13');"
TC1260,F084,UNIQUE constraint,Edge,PASS,0.12986189988441765,,"INSERT INTO t_f084_15 VALUES (15,'U14');"
TC1261,F085,NOT NULL constraint,Positive,PASS,0.13851500023156404,,"INSERT INTO t_f085_1 VALUES (1,'ok');"
TC1262,F085,NOT NULL constraint,Positive,PASS,0.13697879994288087,,"INSERT INTO t_f085_2 VALUES (2,'ok');"
TC1263,F085,NOT NULL constraint,Positive,PASS,0.08234570012427866,,"INSERT INTO t_f085_3 VALUES (3,'ok');"
TC1264,F085,NOT NULL constraint,Positive,PASS,0.08698900020681322,,"INSERT INTO t_f085_4 VALUES (4,'ok');"
TC1265,F085,NOT NULL constraint,Positive,PASS,0.08922059996984899,,"INSERT INTO t_f085_5 VALUES (5,'ok');"
TC1266,F085,NOT NULL constraint,Negative,PASS,0.07051220000721514,1364 (HY000): Field 'req' doesn't have a default value,INSERT INTO t_f085_6(id) VALUES (1);
TC1267,F085,NOT NULL constraint,Negative,PASS,0.07374919997528195,1364 (HY000): Field 'req' doesn't have a default value,INSERT INTO t_f085_7(id) VALUES (1);
TC1268,F085,NOT NULL constraint,Negative,PASS,0.07137620006687939,1364 (HY000): Field 'req' doesn't have a default value,INSERT INTO t_f085_8(id) VALUES (1);
TC1269,F085,NOT NULL constraint,Negative,PASS,0.08523899991996586,1364 (HY000): Field 'req' doesn't have a default value,INSERT INTO t_f085_9(id) VALUES (1);
TC1270,F085,NOT NULL constraint,Negative,PASS,0.09433839982375503,1364 (HY000): Field 'req' doesn't have a default value,INSERT INTO t_f085_10(id) VALUES (1);
TC1271,F085,NOT NULL constraint,Edge,PASS,0.08543640002608299,,"INSERT INTO t_f085_11 VALUES (11,'ok');"
TC1272,F085,NOT NULL constraint,Edge,PASS,0.1442709998227656,,"INSERT INTO t_f085_12 VALUES (12,'ok');"
TC1273,F085,NOT NULL constraint,Edge,PASS,0.13643049984239042,,"INSERT INTO t_f085_13 VALUES (13,'ok');"
TC1274,F085,NOT NULL constraint,Edge,PASS,0.08432400017045438,,"INSERT INTO t_f085_14 VALUES (14,'ok');"
TC1275,F085,NOT NULL constraint,Edge,PASS,0.08468990004621446,,"INSERT INTO t_f085_15 VALUES (15,'ok');"
TC1276,F086,DEFAULT constraint,Positive,PASS,0.0796515999827534,,INSERT INTO t_f086_1(id) VALUES (1);
TC1277,F086,DEFAULT constraint,Positive,PASS,0.08177569997496903,,INSERT INTO t_f086_2(id) VALUES (2);
TC1278,F086,DEFAULT constraint,Positive,PASS,0.07881540013477206,,INSERT INTO t_f086_3(id) VALUES (3);
TC1279,F086,DEFAULT constraint,Positive,PASS,0.080678999889642,,INSERT INTO t_f086_4(id) VALUES (4);
TC1280,F086,DEFAULT constraint,Positive,PASS,0.08488969993777573,,INSERT INTO t_f086_5(id) VALUES (5);
TC1281,F086,DEFAULT constraint,Negative,PASS,0.06506619998253882,1054 (42S22): Unknown column 'unknown_col' in 'field list',"INSERT INTO t_f086_6(id,unknown_col) VALUES (1,'x');"
TC1282,F086,DEFAULT constraint,Negative,PASS,0.06328679993748665,1054 (42S22): Unknown column 'unknown_col' in 'field list',"INSERT INTO t_f086_7(id,unknown_col) VALUES (1,'x');"
TC1283,F086,DEFAULT constraint,Negative,PASS,0.06666569993831217,1054 (42S22): Unknown column 'unknown_col' in 'field list',"INSERT INTO t_f086_8(id,unknown_col) VALUES (1,'x');"
TC1284,F086,DEFAULT constraint,Negative,PASS,0.13029070012271404,1054 (42S22): Unknown column 'unknown_col' in 'field list',"INSERT INTO t_f086_9(id,unknown_col) VALUES (1,'x');"
TC1285,F086,DEFAULT constraint,Negative,PASS,0.0915977000258863,1054 (42S22): Unknown column 'unknown_col' in 'field list',"INSERT INTO t_f086_10(id,unknown_col) VALUES (1,'x');"
TC1286,F086,DEFAULT constraint,Edge,PASS,0.0774362999945879,,INSERT INTO t_f086_11(id) VALUES (11);
TC1287,F086,DEFAULT constraint,Edge,PASS,0.07365220016799867,,INSERT INTO t_f086_12(id) VALUES (12);
TC1288,F086,DEFAULT constraint,Edge,PASS,0.07749530021101236,,INSERT INTO t_f086_13(id) VALUES (13);
TC1289,F086,DEFAULT constraint,Edge,PASS,0.0800512998830527,,INSERT INTO t_f086_14(id) VALUES (14);
TC1290,F086,DEFAULT constraint,Edge,PASS,0.07585650007240474,,INSERT INTO t_f086_15(id) VALUES (15);
TC1291,F087,String functions,Positive,PASS,0.11565340007655323,,"SELECT UPPER(name), LOWER(name), LENGTH(name), CONCAT(name,'_x') FROM t_f087_1;"
TC1292,F087,String functions,Positive,PASS,0.10783890006132424,,"SELECT UPPER(name), LOWER(name), LENGTH(name), CONCAT(name,'_x') FROM t_f087_2;"
TC1293,F087,String functions,Positive,PASS,0.11846589995548129,,"SELECT UPPER(name), LOWER(name), LENGTH(name), CONCAT(name,'_x') FROM t_f087_3;"
TC1294,F087,String functions,Positive,PASS,0.17160029988735914,,"SELECT UPPER(name), LOWER(name), LENGTH(name), CONCAT(name,'_x') FROM t_f087_4;"
TC1295,F087,String functions,Positive,PASS,0.15390510018914938,,"SELECT UPPER(name), LOWER(name), LENGTH(name), CONCAT(name,'_x') FROM t_f087_5;"
TC1296,F087,String functions,Negative,PASS,0.10598500003106892,1305 (42000): FUNCTION ai_testing_group1.NOT_A_FUNCTION does not exist,SELECT NOT_A_FUNCTION(name) FROM t_f087_6;
TC1297,F087,String functions,Negative,PASS,0.1018940000794828,1305 (42000): FUNCTION ai_testing_group1.NOT_A_FUNCTION does not exist,SELECT NOT_A_FUNCTION(name) FROM t_f087_7;
TC1298,F087,String functions,Negative,PASS,0.11399069987237453,1305 (42000): FUNCTION ai_testing_group1.NOT_A_FUNCTION does not exist,SELECT NOT_A_FUNCTION(name) FROM t_f087_8;
TC1299,F087,String functions,Negative,PASS,0.2288251998834312,1305 (42000): FUNCTION ai_testing_group1.NOT_A_FUNCTION does not exist,SELECT NOT_A_FUNCTION(name) FROM t_f087_9;
TC1300,F087,String functions,Negative,PASS,0.13274220004677773,1305 (42000): FUNCTION ai_testing_group1.NOT_A_FUNCTION does not exist,SELECT NOT_A_FUNCTION(name) FROM t_f087_10;
TC1301,F087,String functions,Edge,PASS,0.18836580007337034,,"SELECT UPPER(name), LOWER(name), LENGTH(name), CONCAT(name,'_x') FROM t_f087_11;"
TC1302,F087,String functions,Edge,PASS,0.13620040006935596,,"SELECT UPPER(name), LOWER(name), LENGTH(name), CONCAT(name,'_x') FROM t_f087_12;"
TC1303,F087,String functions,Edge,PASS,0.12304369988851249,,"SELECT UPPER(name), LOWER(name), LENGTH(name), CONCAT(name,'_x') FROM t_f087_13;"
TC1304,F087,String functions,Edge,PASS,0.1262966999784112,,"SELECT UPPER(name), LOWER(name), LENGTH(name), CONCAT(name,'_x') FROM t_f087_14;"
TC1305,F087,String functions,Edge,PASS,0.1287825999315828,,"SELECT UPPER(name), LOWER(name), LENGTH(name), CONCAT(name,'_x') FROM t_f087_15;"
TC1306,F088,Numeric functions,Positive,PASS,0.1364090999122709,,"SELECT ROUND(salary,2), CEIL(salary), FLOOR(salary), MOD(id,2) FROM t_f088_1;"
TC1307,F088,Numeric functions,Positive,PASS,0.0923244000878185,,"SELECT ROUND(salary,2), CEIL(salary), FLOOR(salary), MOD(id,2) FROM t_f088_2;"
TC1308,F088,Numeric functions,Positive,PASS,0.10671250009909272,,"SELECT ROUND(salary,2), CEIL(salary), FLOOR(salary), MOD(id,2) FROM t_f088_3;"
TC1309,F088,Numeric functions,Positive,PASS,0.3134108001831919,,"SELECT ROUND(salary,2), CEIL(salary), FLOOR(salary), MOD(id,2) FROM t_f088_4;"
TC1310,F088,Numeric functions,Positive,PASS,0.12743110000155866,,"SELECT ROUND(salary,2), CEIL(salary), FLOOR(salary), MOD(id,2) FROM t_f088_5;"
TC1311,F088,Numeric functions,Negative,PASS,0.12982179992832243,1054 (42S22): Unknown column 'missing_col' in 'field list',"SELECT ROUND(missing_col,2) FROM t_f088_6;"
TC1312,F088,Numeric functions,Negative,PASS,0.10633450001478195,1054 (42S22): Unknown column 'missing_col' in 'field list',"SELECT ROUND(missing_col,2) FROM t_f088_7;"
TC1313,F088,Numeric functions,Negative,PASS,0.13860289985314012,1054 (42S22): Unknown column 'missing_col' in 'field list',"SELECT ROUND(missing_col,2) FROM t_f088_8;"
TC1314,F088,Numeric functions,Negative,PASS,0.11785469995811582,1054 (42S22): Unknown column 'missing_col' in 'field list',"SELECT ROUND(missing_col,2) FROM t_f088_9;"
TC1315,F088,Numeric functions,Negative,PASS,0.18521500006318092,1054 (42S22): Unknown column 'missing_col' in 'field list',"SELECT ROUND(missing_col,2) FROM t_f088_10;"
TC1316,F088,Numeric functions,Edge,PASS,0.17336290003731847,,"SELECT ROUND(salary,2), CEIL(salary), FLOOR(salary), MOD(id,2) FROM t_f088_11;"
TC1317,F088,Numeric functions,Edge,PASS,0.10264970012940466,,"SELECT ROUND(salary,2), CEIL(salary), FLOOR(salary), MOD(id,2) FROM t_f088_12;"
TC1318,F088,Numeric functions,Edge,PASS,0.13330210000276566,,"SELECT ROUND(salary,2), CEIL(salary), FLOOR(salary), MOD(id,2) FROM t_f088_13;"
TC1319,F088,Numeric functions,Edge,PASS,0.13073089998215437,,"SELECT ROUND(salary,2), CEIL(salary), FLOOR(salary), MOD(id,2) FROM t_f088_14;"
TC1320,F088,Numeric functions,Edge,PASS,0.11709409998729825,,"SELECT ROUND(salary,2), CEIL(salary), FLOOR(salary), MOD(id,2) FROM t_f088_15;"
TC1321,F089,Date & time functions,Positive,PASS,0.13264350011013448,,"SELECT CURRENT_DATE(), DATE_ADD('2024-01-01', INTERVAL 5 DAY), DATEDIFF('2024-01-10','2024-01-01');"
TC1322,F089,Date & time functions,Positive,PASS,0.29520049993880093,,"SELECT CURRENT_DATE(), DATE_ADD('2024-01-01', INTERVAL 5 DAY), DATEDIFF('2024-01-10','2024-01-01');"
TC1323,F089,Date & time functions,Positive,PASS,0.19932480016723275,,"SELECT CURRENT_DATE(), DATE_ADD('2024-01-01', INTERVAL 5 DAY), DATEDIFF('2024-01-10','2024-01-01');"
TC1324,F089,Date & time functions,Positive,PASS,0.11193459993228316,,"SELECT CURRENT_DATE(), DATE_ADD('2024-01-01', INTERVAL 5 DAY), DATEDIFF('2024-01-10','2024-01-01');"
TC1325,F089,Date & time functions,Positive,PASS,0.1409933001268655,,"SELECT CURRENT_DATE(), DATE_ADD('2024-01-01', INTERVAL 5 DAY), DATEDIFF('2024-01-10','2024-01-01');"
TC1326,F089,Date & time functions,Negative,PASS,0.12254220014438033,,"SELECT DATEDIFF('bad-date','2024-01-01');"
TC1327,F089,Date & time functions,Negative,PASS,0.1805857999715954,,"SELECT DATEDIFF('bad-date','2024-01-01');"
TC1328,F089,Date & time functions,Negative,PASS,0.19421410001814365,,"SELECT DATEDIFF('bad-date','2024-01-01');"
TC1329,F089,Date & time functions,Negative,PASS,0.16326719988137484,,"SELECT DATEDIFF('bad-date','2024-01-01');"
TC1330,F089,Date & time functions,Negative,PASS,0.15117039997130632,,"SELECT DATEDIFF('bad-date','2024-01-01');"
TC1331,F089,Date & time functions,Edge,PASS,0.16022740001790226,,"SELECT CURRENT_DATE(), DATE_ADD('2024-01-01', INTERVAL 5 DAY), DATEDIFF('2024-01-10','2024-01-01');"
TC1332,F089,Date & time functions,Edge,PASS,0.1414472998585552,,"SELECT CURRENT_DATE(), DATE_ADD('2024-01-01', INTERVAL 5 DAY), DATEDIFF('2024-01-10','2024-01-01');"
TC1333,F089,Date & time functions,Edge,PASS,0.10395439993590117,,"SELECT CURRENT_DATE(), DATE_ADD('2024-01-01', INTERVAL 5 DAY), DATEDIFF('2024-01-10','2024-01-01');"
TC1334,F089,Date & time functions,Edge,PASS,0.13090189988724887,,"SELECT CURRENT_DATE(), DATE_ADD('2024-01-01', INTERVAL 5 DAY), DATEDIFF('2024-01-10','2024-01-01');"
TC1335,F089,Date & time functions,Edge,PASS,0.30985409999266267,,"SELECT CURRENT_DATE(), DATE_ADD('2024-01-01', INTERVAL 5 DAY), DATEDIFF('2024-01-10','2024-01-01');"
TC1336,F090,JSON functions,Positive,PASS,0.005217700032517314,,"SELECT JSON_OBJECT('id',1,'name','Alice') AS obj, JSON_EXTRACT('{""a"":1}','$.a') AS val;"
TC1337,F090,JSON functions,Positive,PASS,0.004277300089597702,,"SELECT JSON_OBJECT('id',1,'name','Alice') AS obj, JSON_EXTRACT('{""a"":1}','$.a') AS val;"
TC1338,F090,JSON functions,Positive,PASS,0.0034122001379728317,,"SELECT JSON_OBJECT('id',1,'name','Alice') AS obj, JSON_EXTRACT('{""a"":1}','$.a') AS val;"
TC1339,F090,JSON functions,Positive,PASS,0.002550200093537569,,"SELECT JSON_OBJECT('id',1,'name','Alice') AS obj, JSON_EXTRACT('{""a"":1}','$.a') AS val;"
TC1340,F090,JSON functions,Positive,PASS,0.002006199909374118,,"SELECT JSON_OBJECT('id',1,'name','Alice') AS obj, JSON_EXTRACT('{""a"":1}','$.a') AS val;"
TC1341,F090,JSON functions,Negative,PASS,0.0025471001863479614,3143 (42000): Invalid JSON path expression. The error is around character position 2.,"SELECT JSON_EXTRACT('{""a"":1}', '$[');"
TC1342,F090,JSON functions,Negative,PASS,0.0019044000655412674,3143 (42000): Invalid JSON path expression. The error is around character position 2.,"SELECT JSON_EXTRACT('{""a"":1}', '$[');"
TC1343,F090,JSON functions,Negative,PASS,0.002030600095167756,3143 (42000): Invalid JSON path expression. The error is around character position 2.,"SELECT JSON_EXTRACT('{""a"":1}', '$[');"
TC1344,F090,JSON functions,Negative,PASS,0.0028568000998347998,3143 (42000): Invalid JSON path expression. The error is around character position 2.,"SELECT JSON_EXTRACT('{""a"":1}', '$[');"
TC1345,F090,JSON functions,Negative,PASS,0.0037557000759989023,3143 (42000): Invalid JSON path expression. The error is around character position 2.,"SELECT JSON_EXTRACT('{""a"":1}', '$[');"
TC1346,F090,JSON functions,Edge,PASS,0.002054500160738826,,"SELECT JSON_OBJECT('id',1,'name','Alice') AS obj, JSON_EXTRACT('{""a"":1}','$.a') AS val;"
TC1347,F090,JSON functions,Edge,PASS,0.0019405002240091562,,"SELECT JSON_OBJECT('id',1,'name','Alice') AS obj, JSON_EXTRACT('{""a"":1}','$.a') AS val;"
TC1348,F090,JSON functions,Edge,PASS,0.0016564000397920609,,"SELECT JSON_OBJECT('id',1,'name','Alice') AS obj, JSON_EXTRACT('{""a"":1}','$.a') AS val;"
TC1349,F090,JSON functions,Edge,PASS,0.0016325998585671186,,"SELECT JSON_OBJECT('id',1,'name','Alice') AS obj, JSON_EXTRACT('{""a"":1}','$.a') AS val;"
TC1350,F090,JSON functions,Edge,PASS,0.0015370999462902546,,"SELECT JSON_OBJECT('id',1,'name','Alice') AS obj, JSON_EXTRACT('{""a"":1}','$.a') AS val;"
TC1351,F091,START TRANSACTION,Positive,PASS,0.07531880005262792,,START TRANSACTION;
TC1352,F091,START TRANSACTION,Positive,PASS,0.08401519991457462,,START TRANSACTION;
TC1353,F091,START TRANSACTION,Positive,PASS,0.09694369998760521,,START TRANSACTION;
TC1354,F091,START TRANSACTION,Positive,PASS,0.07395550003275275,,START TRANSACTION;
TC1355,F091,START TRANSACTION,Positive,PASS,0.07649590005166829,,START TRANSACTION;
TC1356,F091,START TRANSACTION,Negative,PASS,0.08604099997319281,1064 (42000): You have an error in your SQL syntax; check the manual that corresponds to your MySQL server version for the right syntax to use near 'BOGUS' at line 1,START TRANSACTION BOGUS;
TC1357,F091,START TRANSACTION,Negative,PASS,0.07453469978645444,1064 (42000): You have an error in your SQL syntax; check the manual that corresponds to your MySQL server version for the right syntax to use near 'BOGUS' at line 1,START TRANSACTION BOGUS;
TC1358,F091,START TRANSACTION,Negative,PASS,0.07890650001354516,1064 (42000): You have an error in your SQL syntax; check the manual that corresponds to your MySQL server version for the right syntax to use near 'BOGUS' at line 1,START TRANSACTION BOGUS;
TC1359,F091,START TRANSACTION,Negative,PASS,0.14161939988844097,1064 (42000): You have an error in your SQL syntax; check the manual that corresponds to your MySQL server version for the right syntax to use near 'BOGUS' at line 1,START TRANSACTION BOGUS;
TC1360,F091,START TRANSACTION,Negative,PASS,0.13348610000684857,1064 (42000): You have an error in your SQL syntax; check the manual that corresponds to your MySQL server version for the right syntax to use near 'BOGUS' at line 1,START TRANSACTION BOGUS;
TC1361,F091,START TRANSACTION,Edge,PASS,0.08240050007589161,,START TRANSACTION;
TC1362,F091,START TRANSACTION,Edge,PASS,0.08170629991218448,,START TRANSACTION;
TC1363,F091,START TRANSACTION,Edge,PASS,0.07707290002144873,,START TRANSACTION;
TC1364,F091,START TRANSACTION,Edge,PASS,0.08839139994233847,,START TRANSACTION;
TC1365,F091,START TRANSACTION,Edge,PASS,0.08283390011638403,,START TRANSACTION;
TC1366,F092,COMMIT,Positive,PASS,0.0946889000479132,,COMMIT;
TC1367,F092,COMMIT,Positive,PASS,0.09857359994202852,,COMMIT;
TC1368,F092,COMMIT,Positive,PASS,0.09425999992527068,,COMMIT;
TC1369,F092,COMMIT,Positive,PASS,0.15622470015659928,,COMMIT;
TC1370,F092,COMMIT,Positive,PASS,0.17619830020703375,,COMMIT;
TC1371,F092,COMMIT,Negative,PASS,0.092010100139305,1064 (42000): You have an error in your SQL syntax; check the manual that corresponds to your MySQL server version for the right syntax to use near 'BOGUS' at line 1,COMMIT BOGUS;
TC1372,F092,COMMIT,Negative,PASS,0.0840996999759227,1064 (42000): You have an error in your SQL syntax; check the manual that corresponds to your MySQL server version for the right syntax to use near 'BOGUS' at line 1,COMMIT BOGUS;
TC1373,F092,COMMIT,Negative,PASS,0.08564869989641011,1064 (42000): You have an error in your SQL syntax; check the manual that corresponds to your MySQL server version for the right syntax to use near 'BOGUS' at line 1,COMMIT BOGUS;
TC1374,F092,COMMIT,Negative,PASS,0.07426260015927255,1064 (42000): You have an error in your SQL syntax; check the manual that corresponds to your MySQL server version for the right syntax to use near 'BOGUS' at line 1,COMMIT BOGUS;
TC1375,F092,COMMIT,Negative,PASS,0.07407380011864007,1064 (42000): You have an error in your SQL syntax; check the manual that corresponds to your MySQL server version for the right syntax to use near 'BOGUS' at line 1,COMMIT BOGUS;
TC1376,F092,COMMIT,Edge,PASS,0.08696540002711117,,COMMIT;
TC1377,F092,COMMIT,Edge,PASS,0.08569699991494417,,COMMIT;
TC1378,F092,COMMIT,Edge,PASS,0.09494760003872216,,COMMIT;
TC1379,F092,COMMIT,Edge,PASS,0.166842499980703,,COMMIT;
TC1380,F092,COMMIT,Edge,PASS,0.13276579999364913,,COMMIT;
TC1381,F093,ROLLBACK,Positive,PASS,0.0925636999309063,,ROLLBACK;
TC1382,F093,ROLLBACK,Positive,PASS,0.08501549996435642,,ROLLBACK;
TC1383,F093,ROLLBACK,Positive,PASS,0.0789155000820756,,ROLLBACK;
TC1384,F093,ROLLBACK,Positive,PASS,0.0945596001110971,,ROLLBACK;
TC1385,F093,ROLLBACK,Positive,PASS,0.0881859001237899,,ROLLBACK;
TC1386,F093,ROLLBACK,Negative,PASS,0.09114909986965358,1064 (42000): You have an error in your SQL syntax; check the manual that corresponds to your MySQL server version for the right syntax to use near 'BOGUS' at line 1,ROLLBACK BOGUS;
TC1387,F093,ROLLBACK,Negative,PASS,0.0837644999846816,1064 (42000): You have an error in your SQL syntax; check the manual that corresponds to your MySQL server version for the right syntax to use near 'BOGUS' at line 1,ROLLBACK BOGUS;
TC1388,F093,ROLLBACK,Negative,PASS,0.08345769997686148,1064 (42000): You have an error in your SQL syntax; check the manual that corresponds to your MySQL server version for the right syntax to use near 'BOGUS' at line 1,ROLLBACK BOGUS;
TC1389,F093,ROLLBACK,Negative,PASS,0.18436369998380542,1064 (42000): You have an error in your SQL syntax; check the manual that corresponds to your MySQL server version for the right syntax to use near 'BOGUS' at line 1,ROLLBACK BOGUS;
TC1390,F093,ROLLBACK,Negative,PASS,0.2128139000851661,1064 (42000): You have an error in your SQL syntax; check the manual that corresponds to your MySQL server version for the right syntax to use near 'BOGUS' at line 1,ROLLBACK BOGUS;
TC1391,F093,ROLLBACK,Edge,PASS,0.08739709993824363,,ROLLBACK;
TC1392,F093,ROLLBACK,Edge,PASS,0.08644400001503527,,ROLLBACK;
TC1393,F093,ROLLBACK,Edge,PASS,0.09027990000322461,,ROLLBACK;
TC1394,F093,ROLLBACK,Edge,PASS,0.07379729999229312,,ROLLBACK;
TC1395,F093,ROLLBACK,Edge,PASS,0.07679750001989305,,ROLLBACK;
TC1396,F094,SAVEPOINT,Positive,PASS,0.0707044000737369,,SAVEPOINT sp_1;
TC1397,F094,SAVEPOINT,Positive,PASS,0.05994369997642934,,SAVEPOINT sp_2;
TC1398,F094,SAVEPOINT,Positive,PASS,0.07075439998880029,,SAVEPOINT sp_3;
TC1399,F094,SAVEPOINT,Positive,PASS,0.17103550001047552,,SAVEPOINT sp_4;
TC1400,F094,SAVEPOINT,Positive,PASS,0.09736769995652139,,SAVEPOINT sp_5;
TC1401,F094,SAVEPOINT,Negative,PASS,0.07170700002461672,1064 (42000): You have an error in your SQL syntax; check the manual that corresponds to your MySQL server version for the right syntax to use near '' at line 1,SAVEPOINT;
TC1402,F094,SAVEPOINT,Negative,PASS,0.06703779986128211,1064 (42000): You have an error in your SQL syntax; check the manual that corresponds to your MySQL server version for the right syntax to use near '' at line 1,SAVEPOINT;
TC1403,F094,SAVEPOINT,Negative,PASS,0.07113229995593429,1064 (42000): You have an error in your SQL syntax; check the manual that corresponds to your MySQL server version for the right syntax to use near '' at line 1,SAVEPOINT;
TC1404,F094,SAVEPOINT,Negative,PASS,0.07476780004799366,1064 (42000): You have an error in your SQL syntax; check the manual that corresponds to your MySQL server version for the right syntax to use near '' at line 1,SAVEPOINT;
TC1405,F094,SAVEPOINT,Negative,PASS,0.06387610011734068,1064 (42000): You have an error in your SQL syntax; check the manual that corresponds to your MySQL server version for the right syntax to use near '' at line 1,SAVEPOINT;
TC1406,F094,SAVEPOINT,Edge,PASS,0.06828200002200902,,SAVEPOINT sp_11;
TC1407,F094,SAVEPOINT,Edge,PASS,0.06906599993817508,,SAVEPOINT sp_12;
TC1408,F094,SAVEPOINT,Edge,PASS,0.05977779999375343,,SAVEPOINT sp_13;
TC1409,F094,SAVEPOINT,Edge,PASS,0.07453979994170368,,SAVEPOINT sp_14;
TC1410,F094,SAVEPOINT,Edge,PASS,0.06604579999111593,,SAVEPOINT sp_15;
TC1411,F095,ROLLBACK TO SAVEPOINT,Positive,PASS,0.09054720005951822,,ROLLBACK TO SAVEPOINT sp_test;
TC1412,F095,ROLLBACK TO SAVEPOINT,Positive,PASS,0.1560863999184221,,ROLLBACK TO SAVEPOINT sp_test;
TC1413,F095,ROLLBACK TO SAVEPOINT,Positive,PASS,0.08629209990613163,,ROLLBACK TO SAVEPOINT sp_test;
TC1414,F095,ROLLBACK TO SAVEPOINT,Positive,PASS,0.08219690015539527,,ROLLBACK TO SAVEPOINT sp_test;
TC1415,F095,ROLLBACK TO SAVEPOINT,Positive,PASS,0.08080330002121627,,ROLLBACK TO SAVEPOINT sp_test;
TC1416,F095,ROLLBACK TO SAVEPOINT,Negative,PASS,0.07932329992763698,1305 (42000): SAVEPOINT missing_sp does not exist,ROLLBACK TO SAVEPOINT missing_sp;
TC1417,F095,ROLLBACK TO SAVEPOINT,Negative,PASS,0.0758475000038743,1305 (42000): SAVEPOINT missing_sp does not exist,ROLLBACK TO SAVEPOINT missing_sp;
TC1418,F095,ROLLBACK TO SAVEPOINT,Negative,PASS,0.07608320005238056,1305 (42000): SAVEPOINT missing_sp does not exist,ROLLBACK TO SAVEPOINT missing_sp;
TC1419,F095,ROLLBACK TO SAVEPOINT,Negative,PASS,0.08667310001328588,1305 (42000): SAVEPOINT missing_sp does not exist,ROLLBACK TO SAVEPOINT missing_sp;
TC1420,F095,ROLLBACK TO SAVEPOINT,Negative,PASS,0.08291779994033277,1305 (42000): SAVEPOINT missing_sp does not exist,ROLLBACK TO SAVEPOINT missing_sp;
TC1421,F095,ROLLBACK TO SAVEPOINT,Edge,PASS,0.07462750002741814,,ROLLBACK TO SAVEPOINT sp_test;
TC1422,F095,ROLLBACK TO SAVEPOINT,Edge,PASS,0.08559849997982383,,ROLLBACK TO SAVEPOINT sp_test;
TC1423,F095,ROLLBACK TO SAVEPOINT,Edge,PASS,0.1789808999747038,,ROLLBACK TO SAVEPOINT sp_test;
TC1424,F095,ROLLBACK TO SAVEPOINT,Edge,PASS,0.10248470003716648,,ROLLBACK TO SAVEPOINT sp_test;
TC1425,F095,ROLLBACK TO SAVEPOINT,Edge,PASS,0.0726676001213491,,ROLLBACK TO SAVEPOINT sp_test;
TC1426,F096,Multiple operations in transaction,Positive,PASS,0.08920600009150803,,COMMIT;
TC1427,F096,Multiple operations in transaction,Positive,PASS,0.08498780010268092,,COMMIT;
TC1428,F096,Multiple operations in transaction,Positive,PASS,0.0835518001113087,,COMMIT;
TC1429,F096,Multiple operations in transaction,Positive,PASS,0.07978709996677935,,COMMIT;
TC1430,F096,Multiple operations in transaction,Positive,PASS,0.0779528000857681,,COMMIT;
TC1431,F096,Multiple operations in transaction,Negative,PASS,0.07598189986310899,1064 (42000): You have an error in your SQL syntax; check the manual that corresponds to your MySQL server version for the right syntax to use near 'BOGUS' at line 1,COMMIT BOGUS;
TC1432,F096,Multiple operations in transaction,Negative,PASS,0.07547480007633567,1064 (42000): You have an error in your SQL syntax; check the manual that corresponds to your MySQL server version for the right syntax to use near 'BOGUS' at line 1,COMMIT BOGUS;
TC1433,F096,Multiple operations in transaction,Negative,PASS,0.06994560011662543,1064 (42000): You have an error in your SQL syntax; check the manual that corresponds to your MySQL server version for the right syntax to use near 'BOGUS' at line 1,COMMIT BOGUS;
TC1434,F096,Multiple operations in transaction,Negative,PASS,0.14663079986348748,1064 (42000): You have an error in your SQL syntax; check the manual that corresponds to your MySQL server version for the right syntax to use near 'BOGUS' at line 1,COMMIT BOGUS;
TC1435,F096,Multiple operations in transaction,Negative,PASS,0.10843779984861612,1064 (42000): You have an error in your SQL syntax; check the manual that corresponds to your MySQL server version for the right syntax to use near 'BOGUS' at line 1,COMMIT BOGUS;
TC1436,F096,Multiple operations in transaction,Edge,PASS,0.06943359994329512,,ROLLBACK;
TC1437,F096,Multiple operations in transaction,Edge,PASS,0.07210309989750385,,ROLLBACK;
TC1438,F096,Multiple operations in transaction,Edge,PASS,0.07188459997996688,,ROLLBACK;
TC1439,F096,Multiple operations in transaction,Edge,PASS,0.07071079988963902,,ROLLBACK;
TC1440,F096,Multiple operations in transaction,Edge,PASS,0.07623629993759096,,ROLLBACK;
TC1441,F097,CREATE INDEX / index usage,Positive,PASS,0.12188420002348721,,CREATE INDEX idx_f097_1 ON t_f097_1(lookup_val);
TC1442,F097,CREATE INDEX / index usage,Positive,PASS,0.12969809980131686,,CREATE INDEX idx_f097_2 ON t_f097_2(lookup_val);
TC1443,F097,CREATE INDEX / index usage,Positive,PASS,0.12945210002362728,,CREATE INDEX idx_f097_3 ON t_f097_3(lookup_val);
TC1444,F097,CREATE INDEX / index usage,Positive,PASS,0.2183715000282973,,CREATE INDEX idx_f097_4 ON t_f097_4(lookup_val);
TC1445,F097,CREATE INDEX / index usage,Positive,PASS,0.12770469998940825,,CREATE INDEX idx_f097_5 ON t_f097_5(lookup_val);
TC1446,F097,CREATE INDEX / index usage,Negative,PASS,0.12192750000394881,1061 (42000): Duplicate key name 'idx_f097_6',CREATE INDEX idx_f097_6 ON t_f097_6(lookup_val);
TC1447,F097,CREATE INDEX / index usage,Negative,PASS,0.11821300000883639,1061 (42000): Duplicate key name 'idx_f097_7',CREATE INDEX idx_f097_7 ON t_f097_7(lookup_val);
TC1448,F097,CREATE INDEX / index usage,Negative,PASS,0.13979750010184944,1061 (42000): Duplicate key name 'idx_f097_8',CREATE INDEX idx_f097_8 ON t_f097_8(lookup_val);
TC1449,F097,CREATE INDEX / index usage,Negative,PASS,0.13649550010450184,1061 (42000): Duplicate key name 'idx_f097_9',CREATE INDEX idx_f097_9 ON t_f097_9(lookup_val);
TC1450,F097,CREATE INDEX / index usage,Negative,PASS,0.13087550015188754,1061 (42000): Duplicate key name 'idx_f097_10',CREATE INDEX idx_f097_10 ON t_f097_10(lookup_val);
TC1451,F097,CREATE INDEX / index usage,Edge,PASS,0.2272745999507606,,CREATE INDEX idx_f097_11 ON t_f097_11(lookup_val);
TC1452,F097,CREATE INDEX / index usage,Edge,PASS,0.1430701999925077,,CREATE INDEX idx_f097_12 ON t_f097_12(lookup_val);
TC1453,F097,CREATE INDEX / index usage,Edge,PASS,0.13498219987377524,,CREATE INDEX idx_f097_13 ON t_f097_13(lookup_val);
TC1454,F097,CREATE INDEX / index usage,Edge,PASS,0.12852650019340217,,CREATE INDEX idx_f097_14 ON t_f097_14(lookup_val);
TC1455,F097,CREATE INDEX / index usage,Edge,PASS,0.12562449998222291,,CREATE INDEX idx_f097_15 ON t_f097_15(lookup_val);
TC1456,F098,Views,Positive,PASS,0.02833570004440844,,"CREATE VIEW t_f098_1_view AS SELECT 1 AS id, 'ok' AS status;"
TC1457,F098,Views,Positive,PASS,0.022878800053149462,,"CREATE VIEW t_f098_2_view AS SELECT 1 AS id, 'ok' AS status;"
TC1458,F098,Views,Positive,PASS,0.02548779989592731,,"CREATE VIEW t_f098_3_view AS SELECT 1 AS id, 'ok' AS status;"
TC1459,F098,Views,Positive,PASS,0.03117829980328679,,"CREATE VIEW t_f098_4_view AS SELECT 1 AS id, 'ok' AS status;"
TC1460,F098,Views,Positive,PASS,0.025356100173667073,,"CREATE VIEW t_f098_5_view AS SELECT 1 AS id, 'ok' AS status;"
TC1461,F098,Views,Negative,PASS,0.011097499867901206,1146 (42S02): Table 'ai_testing_group1.t_f098_6_view' doesn't exist,SELECT * FROM t_f098_6_view;
TC1462,F098,Views,Negative,PASS,0.010285000083968043,1146 (42S02): Table 'ai_testing_group1.t_f098_7_view' doesn't exist,SELECT * FROM t_f098_7_view;
TC1463,F098,Views,Negative,PASS,0.008728599874302745,1146 (42S02): Table 'ai_testing_group1.t_f098_8_view' doesn't exist,SELECT * FROM t_f098_8_view;
TC1464,F098,Views,Negative,PASS,0.00877559999935329,1146 (42S02): Table 'ai_testing_group1.t_f098_9_view' doesn't exist,SELECT * FROM t_f098_9_view;
TC1465,F098,Views,Negative,PASS,0.009353599976748228,1146 (42S02): Table 'ai_testing_group1.t_f098_10_view' doesn't exist,SELECT * FROM t_f098_10_view;
TC1466,F098,Views,Edge,PASS,0.02431160002015531,,"CREATE VIEW t_f098_11_view AS SELECT 1 AS id, 'ok' AS status;"
TC1467,F098,Views,Edge,PASS,0.029597099870443344,,"CREATE VIEW t_f098_12_view AS SELECT 1 AS id, 'ok' AS status;"
TC1468,F098,Views,Edge,PASS,0.02079900004900992,,"CREATE VIEW t_f098_13_view AS SELECT 1 AS id, 'ok' AS status;"
TC1469,F098,Views,Edge,PASS,0.026896300027146935,,"CREATE VIEW t_f098_14_view AS SELECT 1 AS id, 'ok' AS status;"
TC1470,F098,Views,Edge,PASS,0.0434109999332577,,"CREATE VIEW t_f098_15_view AS SELECT 1 AS id, 'ok' AS status;"
TC1471,F099,Stored procedures,Positive,PASS,0.1262584999203682,,CREATE PROCEDURE sp_f099_1(IN p INT) BEGIN SELECT p AS value; END;
TC1472,F099,Stored procedures,Positive,PASS,0.053023000014945865,,CREATE PROCEDURE sp_f099_2(IN p INT) BEGIN SELECT p AS value; END;
TC1473,F099,Stored procedures,Positive,PASS,0.064170700032264,,CREATE PROCEDURE sp_f099_3(IN p INT) BEGIN SELECT p AS value; END;
TC1474,F099,Stored procedures,Positive,PASS,0.023891599848866463,,CREATE PROCEDURE sp_f099_4(IN p INT) BEGIN SELECT p AS value; END;
TC1475,F099,Stored procedures,Positive,PASS,0.02682160004042089,,CREATE PROCEDURE sp_f099_5(IN p INT) BEGIN SELECT p AS value; END;
TC1476,F099,Stored procedures,Negative,PASS,0.008595400024205446,1305 (42000): PROCEDURE ai_testing_group1.sp_f099_6_missing does not exist,CALL sp_f099_6_missing(1);
TC1477,F099,Stored procedures,Negative,PASS,0.0077287000603973866,1305 (42000): PROCEDURE ai_testing_group1.sp_f099_7_missing does not exist,CALL sp_f099_7_missing(1);
TC1478,F099,Stored procedures,Negative,PASS,0.007327900035306811,1305 (42000): PROCEDURE ai_testing_group1.sp_f099_8_missing does not exist,CALL sp_f099_8_missing(1);
TC1479,F099,Stored procedures,Negative,PASS,0.0086343998555094,1305 (42000): PROCEDURE ai_testing_group1.sp_f099_9_missing does not exist,CALL sp_f099_9_missing(1);
TC1480,F099,Stored procedures,Negative,PASS,0.007327100029215217,1305 (42000): PROCEDURE ai_testing_group1.sp_f099_10_missing does not exist,CALL sp_f099_10_missing(1);
TC1481,F099,Stored procedures,Edge,PASS,0.025589299853891134,,CREATE PROCEDURE sp_f099_11(IN p INT) BEGIN SELECT p AS value; END;
TC1482,F099,Stored procedures,Edge,PASS,0.022562399972230196,,CREATE PROCEDURE sp_f099_12(IN p INT) BEGIN SELECT p AS value; END;
TC1483,F099,Stored procedures,Edge,PASS,0.028346400009468198,,CREATE PROCEDURE sp_f099_13(IN p INT) BEGIN SELECT p AS value; END;
TC1484,F099,Stored procedures,Edge,PASS,0.01880760001949966,,CREATE PROCEDURE sp_f099_14(IN p INT) BEGIN SELECT p AS value; END;
TC1485,F099,Stored procedures,Edge,PASS,0.025396199896931648,,CREATE PROCEDURE sp_f099_15(IN p INT) BEGIN SELECT p AS value; END;
TC1486,F100,Triggers,Positive,FAIL,0.12564569991081953,1419 (HY000): You do not have the SUPER privilege and binary logging is enabled (you *might* want to use the less safe log_bin_trust_function_creators variable),"CREATE TRIGGER trg_f100_1 AFTER INSERT ON t_f100_1_src FOR EACH ROW INSERT INTO t_f100_1_audit VALUES (NEW.id,'INSERT');"
TC1487,F100,Triggers,Positive,FAIL,0.14444670011289418,1419 (HY000): You do not have the SUPER privilege and binary logging is enabled (you *might* want to use the less safe log_bin_trust_function_creators variable),"CREATE TRIGGER trg_f100_2 AFTER INSERT ON t_f100_2_src FOR EACH ROW INSERT INTO t_f100_2_audit VALUES (NEW.id,'INSERT');"
TC1488,F100,Triggers,Positive,FAIL,0.14236170006915927,1419 (HY000): You do not have the SUPER privilege and binary logging is enabled (you *might* want to use the less safe log_bin_trust_function_creators variable),"CREATE TRIGGER trg_f100_3 AFTER INSERT ON t_f100_3_src FOR EACH ROW INSERT INTO t_f100_3_audit VALUES (NEW.id,'INSERT');"
TC1489,F100,Triggers,Positive,FAIL,0.16678269999101758,1419 (HY000): You do not have the SUPER privilege and binary logging is enabled (you *might* want to use the less safe log_bin_trust_function_creators variable),"CREATE TRIGGER trg_f100_4 AFTER INSERT ON t_f100_4_src FOR EACH ROW INSERT INTO t_f100_4_audit VALUES (NEW.id,'INSERT');"
TC1490,F100,Triggers,Positive,FAIL,0.2087854000274092,1419 (HY000): You do not have the SUPER privilege and binary logging is enabled (you *might* want to use the less safe log_bin_trust_function_creators variable),"CREATE TRIGGER trg_f100_5 AFTER INSERT ON t_f100_5_src FOR EACH ROW INSERT INTO t_f100_5_audit VALUES (NEW.id,'INSERT');"
TC1491,F100,Triggers,Negative,PASS,0.11913450015708804,1419 (HY000): You do not have the SUPER privilege and binary logging is enabled (you *might* want to use the less safe log_bin_trust_function_creators variable),"CREATE TRIGGER trg_f100_6 AFTER INSERT ON t_f100_6_src FOR EACH ROW INSERT INTO t_f100_6_audit VALUES (NEW.id,'INSERT');"
TC1492,F100,Triggers,Negative,PASS,0.12080890010111034,1419 (HY000): You do not have the SUPER privilege and binary logging is enabled (you *might* want to use the less safe log_bin_trust_function_creators variable),"CREATE TRIGGER trg_f100_7 AFTER INSERT ON t_f100_7_src FOR EACH ROW INSERT INTO t_f100_7_audit VALUES (NEW.id,'INSERT');"
TC1493,F100,Triggers,Negative,PASS,0.13259060005657375,1419 (HY000): You do not have the SUPER privilege and binary logging is enabled (you *might* want to use the less safe log_bin_trust_function_creators variable),"CREATE TRIGGER trg_f100_8 AFTER INSERT ON t_f100_8_src FOR EACH ROW INSERT INTO t_f100_8_audit VALUES (NEW.id,'INSERT');"
TC1494,F100,Triggers,Negative,PASS,0.13239470007829368,1419 (HY000): You do not have the SUPER privilege and binary logging is enabled (you *might* want to use the less safe log_bin_trust_function_creators variable),"CREATE TRIGGER trg_f100_9 AFTER INSERT ON t_f100_9_src FOR EACH ROW INSERT INTO t_f100_9_audit VALUES (NEW.id,'INSERT');"
TC1495,F100,Triggers,Negative,PASS,0.12452369998209178,1419 (HY000): You do not have the SUPER privilege and binary logging is enabled (you *might* want to use the less safe log_bin_trust_function_creators variable),"CREATE TRIGGER trg_f100_10 AFTER INSERT ON t_f100_10_src FOR EACH ROW INSERT INTO t_f100_10_audit VALUES (NEW.id,'INSERT');"
TC1496,F100,Triggers,Edge,FAIL,0.19084629998542368,1419 (HY000): You do not have the SUPER privilege and binary logging is enabled (you *might* want to use the less safe log_bin_trust_function_creators variable),"CREATE TRIGGER trg_f100_11 AFTER INSERT ON t_f100_11_src FOR EACH ROW INSERT INTO t_f100_11_audit VALUES (NEW.id,'INSERT');"
TC1497,F100,Triggers,Edge,FAIL,0.17233740002848208,1419 (HY000): You do not have the SUPER privilege and binary logging is enabled (you *might* want to use the less safe log_bin_trust_function_creators variable),"CREATE TRIGGER trg_f100_12 AFTER INSERT ON t_f100_12_src FOR EACH ROW INSERT INTO t_f100_12_audit VALUES (NEW.id,'INSERT');"
TC1498,F100,Triggers,Edge,FAIL,0.1351538000162691,1419 (HY000): You do not have the SUPER privilege and binary logging is enabled (you *might* want to use the less safe log_bin_trust_function_creators variable),"CREATE TRIGGER trg_f100_13 AFTER INSERT ON t_f100_13_src FOR EACH ROW INSERT INTO t_f100_13_audit VALUES (NEW.id,'INSERT');"
TC1499,F100,Triggers,Edge,FAIL,0.12655270006507635,1419 (HY000): You do not have the SUPER privilege and binary logging is enabled (you *might* want to use the less safe log_bin_trust_function_creators variable),"CREATE TRIGGER trg_f100_14 AFTER INSERT ON t_f100_14_src FOR EACH ROW INSERT INTO t_f100_14_audit VALUES (NEW.id,'INSERT');"
TC1500,F100,Triggers,Edge,FAIL,0.10774250002577901,1419 (HY000): You do not have the SUPER privilege and binary logging is enabled (you *might* want to use the less safe log_bin_trust_function_creators variable),"CREATE TRIGGER trg_f100_15 AFTER INSERT ON t_f100_15_src FOR EACH ROW INSERT INTO t_f100_15_audit VALUES (NEW.id,'INSERT');"
